﻿<?xml version="1.0" encoding="UTF-8" standalone="yes"?>
<addon id="script.skinsubtitlechecker" name="Skin Subtittle checker" version="0.9" provider-name="j.heine">
  <requires>
    <import addon="xbmc.python" version="2.20.0"/>
	  <import addon="script.module.beautifulsoup" version="3.2.1"/>
  </requires>
  <extension point="xbmc.python.script" library="default.py">
    <provides>executable</provides>
  </extension>
  <extension point="xbmc.service" library="service.py" start="login" />
  <extension point="xbmc.addon.metadata">
    <language/>
    <summary lang="en">Checks if there is a subtittle present for movies or tv-show episodes</summary>
    <description lang="en">
      Checks if there is a subtitle present for movies or tv-show episodes on opensubtittle.org, addic7ed and Podnapisi.
    </description>
    <platform>all</platform>
    <disclaimer lang="en">Your skin has to be tweaked to use this script.</disclaimer>
    <disclaimer lang="fr">Votre skin doit être modifié pour utiliser ce script.</disclaimer>
    <disclaimer lang="de">Ihre skin hat gezwickt, um dieses Skript verwenden werden.</disclaimer>
    <disclaimer lang="es">Su skin tiene que ser ajustado para utilizar este script.</disclaimer>
    <disclaimer lang="it">Il tuo skin deve essere ottimizzato per utilizzare questo script.</disclaimer>
  </extension>
</addon>