<?xml version="1.0" encoding="UTF-8"?>


<template>
	
	<other include="widget">
		<!-- Match our custom widgets with a widgetType of media, or a node with mediaType of movies or tvshows -->
		<condition tag="property" attribute="name|widgetTarget"></condition>
		<match>any</match>

		<!-- For nodes, set the content property to the value of widgetPath -->
		
		<property name="target" tag="property" attribute="name|widgetTarget" />
        <property name="submenuVisibility" tag="property" attribute="name|submenuVisibility" />
        <property name="widgetstyle" tag="property" attribute="name|widgetstyle" value="poster">widget_layout_poster</property>
        <property name="widgetstyle" tag="property" attribute="name|widgetstyle" value="landscape">widget_layout_landscape</property>
        <property name="widgetstyle" tag="property" attribute="name|widgetstyle" value="single box">widget_layout_singlebox</property>
        <property name="widgetstyle" tag="property" attribute="name|widgetstyle" value="wide box">widget_layout_widebox</property>
        <property name="widgetstyle" tag="property" attribute="name|widgetstyle" value="small poster">widget_layout_small_poster</property>
        <property name="widgetstyle" tag="property" attribute="name|widgetstyle" value="square">widget_layout_square</property>
        <property name="content" tag="property" attribute="name|widgetForceRefresh" value="refresh">$VAR[widget510]</property>
        <property name="content" tag="property" attribute="name|widgetPath" />
        <property name="widgetstyle">widgetlayout</property>
        <property name="widgetLabelVisibility" tag="property" attribute="name|widgetTags" value="enable">WidgetLabelOverlayEnable</property>
        <property name="widgetLabelVisibility" tag="property" attribute="name|widgetTags" value="disable">WidgetLabelOverlayDisable</property>
        <property name="widgetLabelVisibility">WidgetLabelOverlayAuto</property>

		<controls>
            <control type="label" id="600">
                <label>widget-0</label>
                <width>1</width>
                <heigth>1</heigth>
                <posx>-1</posx>
                <posy>-1</posy>
                <skinshortcuts>visibility</skinshortcuts>
                <visible>Skin.String(widgetvalue-$SKINSHORTCUTS[submenuVisibility],0) | !Skin.String(widgetvalue-$SKINSHORTCUTS[submenuVisibility])</visible>
            </control>
			<control type="panel" id="510">
				<skinshortcuts>visibility</skinshortcuts>
                <visible>Skin.String(widgetvalue-$SKINSHORTCUTS[submenuVisibility],0) | !Skin.String(widgetvalue-$SKINSHORTCUTS[submenuVisibility])</visible>
                <include name="EnhancedHomePanelLayout" condition="Skin.String(HomeLayout, enhanced)">
                    <param name="widgetid" value="510" />
                    <param name="widgetLabelVisibility" value="$SKINSHORTCUTS[widgetLabelVisibility]" />
                </include>
                <include name="$SKINSHORTCUTS[widgetstyle]" condition="!Skin.String(HomeLayout, enhanced)">
                    <param name="widgetid" value="510" />
                    <param name="widgetLabelVisibility" value="$SKINSHORTCUTS[widgetLabelVisibility]" />
                </include>
				<content target="$SKINSHORTCUTS[target]">$SKINSHORTCUTS[content]</content>
			</control>
		</controls>
	</other>
	
	<other include="widget.1">
		<!-- Match our custom widgets with a widgetType of media, or a node with mediaType of movies or tvshows -->
		<condition tag="property" attribute="name|widgetTarget.1"></condition>
		<match>any</match>
		<!-- For nodes, set the content property to the value of widgetPath -->
		<property name="target" tag="property" attribute="name|widgetTarget.1" />
        <property name="submenuVisibility" tag="property" attribute="name|submenuVisibility" />
        <property name="widgetstyle" tag="property" attribute="name|widgetstyle.1" value="poster">widget_layout_poster</property>
        <property name="widgetstyle" tag="property" attribute="name|widgetstyle.1" value="landscape">widget_layout_landscape</property>
        <property name="widgetstyle" tag="property" attribute="name|widgetstyle.1" value="single box">widget_layout_singlebox</property>
        <property name="widgetstyle" tag="property" attribute="name|widgetstyle.1" value="wide box">widget_layout_widebox</property>
        <property name="widgetstyle" tag="property" attribute="name|widgetstyle.1" value="small poster">widget_layout_small_poster</property>
        <property name="widgetstyle" tag="property" attribute="name|widgetstyle.1" value="square">widget_layout_square</property>
        <property name="content" tag="property" attribute="name|widgetForceRefresh.1" value="refresh">$VAR[widget520]</property>
        <property name="content" tag="property" attribute="name|widgetPath.1" />
        <property name="widgetstyle">widgetlayout</property>
        <property name="widgetLabelVisibility" tag="property" attribute="name|widgetTags.1" value="enable">WidgetLabelOverlayEnable</property>
        <property name="widgetLabelVisibility" tag="property" attribute="name|widgetTags.1" value="disable">WidgetLabelOverlayDisable</property>
        <property name="widgetLabelVisibility">WidgetLabelOverlayAuto</property>

		<controls>
            <control type="label" id="600">
                <label>widget-1</label>
                <width>1</width>
                <heigth>1</heigth>
                <posx>-1</posx>
                <posy>-1</posy>
                <skinshortcuts>visibility</skinshortcuts>
                <visible>Skin.String(widgetvalue-$SKINSHORTCUTS[submenuVisibility],1)</visible>
            </control>
			<control type="panel" id="520">
				<skinshortcuts>visibility</skinshortcuts>
				<visible>Skin.String(widgetvalue-$SKINSHORTCUTS[submenuVisibility],1)</visible>
				<include name="EnhancedHomePanelLayout" condition="Skin.String(HomeLayout, enhanced)">
                    <param name="widgetid" value="520" />
                    <param name="widgetLabelVisibility" value="$SKINSHORTCUTS[widgetLabelVisibility]" />
                </include>
                <include name="$SKINSHORTCUTS[widgetstyle]" condition="!Skin.String(HomeLayout, enhanced)">
                    <param name="widgetid" value="520" />
                    <param name="widgetLabelVisibility" value="$SKINSHORTCUTS[widgetLabelVisibility]" />
                </include>
				<content target="$SKINSHORTCUTS[target]">$SKINSHORTCUTS[content]</content>
			</control>
		</controls>
	</other>
    
    <other include="widget.2">
		<!-- Match our custom widgets with a widgetType of media, or a node with mediaType of movies or tvshows -->
		<condition tag="property" attribute="name|widgetTarget.2"></condition>
		<match>any</match>
		<!-- For nodes, set the content property to the value of widgetPath -->
		<property name="target" tag="property" attribute="name|widgetTarget.2" />
        <property name="submenuVisibility" tag="property" attribute="name|submenuVisibility" />
        <property name="widgetstyle" tag="property" attribute="name|widgetstyle.2" value="poster">widget_layout_poster</property>
        <property name="widgetstyle" tag="property" attribute="name|widgetstyle.2" value="landscape">widget_layout_landscape</property>
        <property name="widgetstyle" tag="property" attribute="name|widgetstyle.2" value="single box">widget_layout_singlebox</property>
        <property name="widgetstyle" tag="property" attribute="name|widgetstyle.2" value="wide box">widget_layout_widebox</property>
        <property name="widgetstyle" tag="property" attribute="name|widgetstyle.2" value="small poster">widget_layout_small_poster</property>
        <property name="widgetstyle" tag="property" attribute="name|widgetstyle.2" value="square">widget_layout_square</property>
        <property name="content" tag="property" attribute="name|widgetForceRefresh.2" value="refresh">$VAR[widget530]</property>
        <property name="content" tag="property" attribute="name|widgetPath.2" />
        <property name="widgetstyle">widgetlayout</property>
        <property name="widgetLabelVisibility" tag="property" attribute="name|widgetTags.2" value="enable">WidgetLabelOverlayEnable</property>
        <property name="widgetLabelVisibility" tag="property" attribute="name|widgetTags.2" value="disable">WidgetLabelOverlayDisable</property>
        <property name="widgetLabelVisibility">WidgetLabelOverlayAuto</property>

		<controls>
            <control type="label" id="600">
                <label>widget-2</label>
                <width>1</width>
                <heigth>1</heigth>
                <posx>-1</posx>
                <posy>-1</posy>
                <skinshortcuts>visibility</skinshortcuts>
                <visible>Skin.String(widgetvalue-$SKINSHORTCUTS[submenuVisibility],2)</visible>
            </control>
			<control type="panel" id="530">
				<skinshortcuts>visibility</skinshortcuts>
				<visible>Skin.String(widgetvalue-$SKINSHORTCUTS[submenuVisibility],2)</visible>
				<include name="EnhancedHomePanelLayout" condition="Skin.String(HomeLayout, enhanced)">
                    <param name="widgetid" value="530" />
                    <param name="widgetLabelVisibility" value="$SKINSHORTCUTS[widgetLabelVisibility]" />
                </include>
                <include name="$SKINSHORTCUTS[widgetstyle]" condition="!Skin.String(HomeLayout, enhanced)">
                    <param name="widgetid" value="530" />
                    <param name="widgetLabelVisibility" value="$SKINSHORTCUTS[widgetLabelVisibility]" />
                </include>
				<content target="$SKINSHORTCUTS[target]">$SKINSHORTCUTS[content]</content>
			</control>
		</controls>
	</other>
    
    <other include="widget.3">
		<!-- Match our custom widgets with a widgetType of media, or a node with mediaType of movies or tvshows -->
		<condition tag="property" attribute="name|widgetTarget.3"></condition>
		<match>any</match>
		<!-- For nodes, set the content property to the value of widgetPath -->
		<property name="target" tag="property" attribute="name|widgetTarget.3" />
        <property name="submenuVisibility" tag="property" attribute="name|submenuVisibility" />
        <property name="widgetstyle" tag="property" attribute="name|widgetstyle.3" value="poster">widget_layout_poster</property>
        <property name="widgetstyle" tag="property" attribute="name|widgetstyle.3" value="landscape">widget_layout_landscape</property>
        <property name="widgetstyle" tag="property" attribute="name|widgetstyle.3" value="single box">widget_layout_singlebox</property>
        <property name="widgetstyle" tag="property" attribute="name|widgetstyle.3" value="wide box">widget_layout_widebox</property>
        <property name="widgetstyle" tag="property" attribute="name|widgetstyle.3" value="small poster">widget_layout_small_poster</property>
        <property name="widgetstyle" tag="property" attribute="name|widgetstyle.3" value="square">widget_layout_square</property>
        <property name="content" tag="property" attribute="name|widgetForceRefresh.3" value="refresh">$VAR[widget540]</property>
        <property name="content" tag="property" attribute="name|widgetPath.3" />
        <property name="widgetstyle">widgetlayout</property>
        <property name="widgetLabelVisibility" tag="property" attribute="name|widgetTags.3" value="enable">WidgetLabelOverlayEnable</property>
        <property name="widgetLabelVisibility" tag="property" attribute="name|widgetTags.3" value="disable">WidgetLabelOverlayDisable</property>
        <property name="widgetLabelVisibility">WidgetLabelOverlayAuto</property>

		<controls>
            <control type="label" id="600">
                <label>widget-3</label>
                <width>1</width>
                <heigth>1</heigth>
                <posx>-1</posx>
                <posy>-1</posy>
                <skinshortcuts>visibility</skinshortcuts>
                <visible>Skin.String(widgetvalue-$SKINSHORTCUTS[submenuVisibility],3)</visible>
            </control>
			<control type="panel" id="540">
				<skinshortcuts>visibility</skinshortcuts>
				<visible>Skin.String(widgetvalue-$SKINSHORTCUTS[submenuVisibility],3)</visible>
                <include name="EnhancedHomePanelLayout" condition="Skin.String(HomeLayout, enhanced)">
                    <param name="widgetid" value="540" />
                    <param name="widgetLabelVisibility" value="$SKINSHORTCUTS[widgetLabelVisibility]" />
                </include>
                <include name="$SKINSHORTCUTS[widgetstyle]" condition="!Skin.String(HomeLayout, enhanced)">
                    <param name="widgetid" value="540" />
                    <param name="widgetLabelVisibility" value="$SKINSHORTCUTS[widgetLabelVisibility]" />
                </include>
				<content target="$SKINSHORTCUTS[target]">$SKINSHORTCUTS[content]</content>
			</control>
		</controls>
	</other>
	
	<other include="spotlightwidget">
		<!-- Match our custom widgets with a widgetType of media, or a node with mediaType of movies or tvshows -->
		<condition tag="property" attribute="name|widgetTarget.99"></condition>
		<match>any</match>

		<!-- For nodes, set the content property to the value of widgetPath -->
		<property name="target" tag="property" attribute="name|widgetTarget.99" />
        <property name="submenuVisibility" tag="property" attribute="name|submenuVisibility" />
        <property name="content" tag="property" attribute="name|widgetForceRefresh.99" value="refresh">$VAR[widget1508]</property>
        <property name="content" tag="property" attribute="name|widgetPath.99" />

		<controls>
			<control type="panel" id="1508">
				<skinshortcuts>visibility</skinshortcuts>
				<include>EnhancedHomeSpotLightWidgetLayout</include>
				<content target="$SKINSHORTCUTS[target]">$SKINSHORTCUTS[content]</content>
			</control>
		</controls>
	</other>

    <other include="win10widget.1">
		<condition tag="property" attribute="name|widget"></condition>
		<match>any</match>
        <property name="submenuVisibility" tag="property" attribute="name|submenuVisibility" />
		
		<property name="target" tag="property" attribute="name|widgetTarget" />
        <property name="content" tag="property" attribute="name|widgetForceRefresh" value="refresh">$VAR[widget510]</property>
        <property name="content" tag="property" attribute="name|widgetPath" />
        <property name="widgetpos" tag="property" attribute="name|widgetInfoPanel" value="bottom">HomeWin10WidgetPosTop</property>
        <property name="widgetpos" tag="property" attribute="name|widgetInfoPanel" value="disable">HomeWin10WidgetPosFull</property>
        <property name="widgetpos">HomeWin10WidgetPosBottom</property>
        <property name="widgetstyle" tag="property" attribute="name|widgetstyle" value="small poster">HomeWin10WidgetLayoutPoster</property>
        <property name="widgetstyle" tag="property" attribute="name|widgetstyle" value="landscape">HomeWin10WidgetLayoutLandscape</property>
        <property name="widgetstyle" tag="property" attribute="name|widgetstyle" value="banner">HomeWin10WidgetLayoutBanner</property>
        <property name="widgetstyle">HomeWin10WidgetLayoutSquare</property>
        <property name="widgetLabelVisibility" tag="property" attribute="name|widgetTags" value="enable">WidgetLabelOverlayEnable</property>
        <property name="widgetLabelVisibility" tag="property" attribute="name|widgetTags" value="disable">WidgetLabelOverlayDisable</property>
        <property name="widgetLabelVisibility">WidgetLabelOverlayAuto</property>
		<controls>
            <control type="panel" id="510">
                <skinshortcuts>visibility</skinshortcuts>
                <include>$SKINSHORTCUTS[widgetpos]</include>
                <onleft>4444</onleft>
                <onright>520</onright>
                <onright condition="Skin.HasSetting(EnhancedHome_Circular) + IsEmpty(Container(300).ListItem.Property(widget.1))">Control.Move(300,1)</onright>
                <onright condition="Skin.HasSetting(EnhancedHome_Circular) + IsEmpty(Container(300).ListItem.Property(widget.1))">SetFocus(4444)</onright>
                <include>HomeWin10WidgetLayout</include>
                <include name="$SKINSHORTCUTS[widgetstyle]">
                    <param name="widgetid" value="510" />
                    <param name="widgetLabelVisibility" value="$SKINSHORTCUTS[widgetLabelVisibility]" />
                </include>
                <content target="$SKINSHORTCUTS[target]">$SKINSHORTCUTS[content]</content>
            </control>
        </controls>
	</other>
    <other include="win10widget.2">
		<condition tag="property" attribute="name|widget.1"></condition>
		<match>any</match>
        <property name="submenuVisibility" tag="property" attribute="name|submenuVisibility" />
		
		<property name="target" tag="property" attribute="name|widgetTarget.1" />
        <property name="content" tag="property" attribute="name|widgetForceRefresh.1" value="refresh">$VAR[widget520]</property>
        <property name="content" tag="property" attribute="name|widgetPath.1" />
        <property name="widgetpos" tag="property" attribute="name|widgetInfoPanel.1" value="bottom">HomeWin10WidgetPosTop</property>
        <property name="widgetpos" tag="property" attribute="name|widgetInfoPanel.1" value="disable">HomeWin10WidgetPosFull</property>
        <property name="widgetpos">HomeWin10WidgetPosBottom</property>
        <property name="widgetstyle" tag="property" attribute="name|widgetstyle.1" value="small poster">HomeWin10WidgetLayoutPoster</property>
        <property name="widgetstyle" tag="property" attribute="name|widgetstyle.1" value="landscape">HomeWin10WidgetLayoutLandscape</property>
        <property name="widgetstyle" tag="property" attribute="name|widgetstyle.1" value="banner">HomeWin10WidgetLayoutBanner</property>
        <property name="widgetstyle">HomeWin10WidgetLayoutSquare</property>
        <property name="widgetLabelVisibility" tag="property" attribute="name|widgetTags.1" value="enable">WidgetLabelOverlayEnable</property>
        <property name="widgetLabelVisibility" tag="property" attribute="name|widgetTags.1" value="disable">WidgetLabelOverlayDisable</property>
        <property name="widgetLabelVisibility">WidgetLabelOverlayAuto</property>
		<controls>
            <control type="panel" id="520">
                <skinshortcuts>visibility</skinshortcuts>
                <include>$SKINSHORTCUTS[widgetpos]</include>
                <onleft>510</onleft>
                <onright>530</onright>
                <onright condition="Skin.HasSetting(EnhancedHome_Circular) + IsEmpty(Container(300).ListItem.Property(widget.2))">Control.Move(300,1)</onright>
                <onright condition="Skin.HasSetting(EnhancedHome_Circular) + IsEmpty(Container(300).ListItem.Property(widget.2))">SetFocus(4444)</onright>
                <include>HomeWin10WidgetLayout</include>
                <include name="$SKINSHORTCUTS[widgetstyle]">
                    <param name="widgetid" value="510" />
                    <param name="widgetLabelVisibility" value="$SKINSHORTCUTS[widgetLabelVisibility]" />
                </include>
                <content target="$SKINSHORTCUTS[target]">$SKINSHORTCUTS[content]</content>
            </control>
        </controls>
	</other>
    <other include="win10widget.3">
		<condition tag="property" attribute="name|widget.2"></condition>
		<match>any</match>
        <property name="submenuVisibility" tag="property" attribute="name|submenuVisibility" />
		
		<property name="target" tag="property" attribute="name|widgetTarget.2" />
        <property name="content" tag="property" attribute="name|widgetForceRefresh.2" value="refresh">$VAR[widget530]</property>
        <property name="content" tag="property" attribute="name|widgetPath.2" />
        <property name="widgetpos" tag="property" attribute="name|widgetInfoPanel.2" value="bottom">HomeWin10WidgetPosTop</property>
        <property name="widgetpos" tag="property" attribute="name|widgetInfoPanel.2" value="disable">HomeWin10WidgetPosFull</property>
        <property name="widgetpos">HomeWin10WidgetPosBottom</property>
        <property name="widgetstyle" tag="property" attribute="name|widgetstyle.2" value="small poster">HomeWin10WidgetLayoutPoster</property>
        <property name="widgetstyle" tag="property" attribute="name|widgetstyle.2" value="landscape">HomeWin10WidgetLayoutLandscape</property>
        <property name="widgetstyle" tag="property" attribute="name|widgetstyle.2" value="banner">HomeWin10WidgetLayoutBanner</property>
        <property name="widgetstyle">HomeWin10WidgetLayoutSquare</property>
        <property name="widgetLabelVisibility" tag="property" attribute="name|widgetTags.2" value="enable">WidgetLabelOverlayEnable</property>
        <property name="widgetLabelVisibility" tag="property" attribute="name|widgetTags.2" value="disable">WidgetLabelOverlayDisable</property>
        <property name="widgetLabelVisibility">WidgetLabelOverlayAuto</property>
		<controls>
            <control type="panel" id="530">
                <skinshortcuts>visibility</skinshortcuts>
                <include>$SKINSHORTCUTS[widgetpos]</include>
                <onleft>520</onleft>
                <onright>540</onright>
                <onright condition="Skin.HasSetting(EnhancedHome_Circular) + IsEmpty(Container(300).ListItem.Property(widget.3))">Control.Move(300,1)</onright>
                <onright condition="Skin.HasSetting(EnhancedHome_Circular) + IsEmpty(Container(300).ListItem.Property(widget.3))">SetFocus(4444)</onright>
                <include>HomeWin10WidgetLayout</include>
                <include name="$SKINSHORTCUTS[widgetstyle]">
                    <param name="widgetid" value="510" />
                    <param name="widgetLabelVisibility" value="$SKINSHORTCUTS[widgetLabelVisibility]" />
                </include>
                <content target="$SKINSHORTCUTS[target]">$SKINSHORTCUTS[content]</content>
            </control>
        </controls>
	</other>
    <other include="win10widget.4">
		<condition tag="property" attribute="name|widget.3"></condition>
		<match>any</match>
        <property name="submenuVisibility" tag="property" attribute="name|submenuVisibility" />
		<property name="target" tag="property" attribute="name|widgetTarget.3" />
        <property name="content" tag="property" attribute="name|widgetForceRefresh.3" value="refresh">$VAR[widget540]</property>
        <property name="content" tag="property" attribute="name|widgetPath.3" />
        <property name="widgetpos" tag="property" attribute="name|widgetInfoPanel.3" value="bottom">HomeWin10WidgetPosTop</property>
        <property name="widgetpos" tag="property" attribute="name|widgetInfoPanel.3" value="disable">HomeWin10WidgetPosFull</property>
        <property name="widgetpos">HomeWin10WidgetPosBottom</property>
        <property name="widgetstyle" tag="property" attribute="name|widgetstyle.3" value="small poster">HomeWin10WidgetLayoutPoster</property>
        <property name="widgetstyle" tag="property" attribute="name|widgetstyle.3" value="landscape">HomeWin10WidgetLayoutLandscape</property>
        <property name="widgetstyle" tag="property" attribute="name|widgetstyle.3" value="banner">HomeWin10WidgetLayoutBanner</property>
        <property name="widgetstyle">HomeWin10WidgetLayoutSquare</property>
        <property name="widgetLabelVisibility" tag="property" attribute="name|widgetTags.3" value="enable">WidgetLabelOverlayEnable</property>
        <property name="widgetLabelVisibility" tag="property" attribute="name|widgetTags.3" value="disable">WidgetLabelOverlayDisable</property>
        <property name="widgetLabelVisibility">WidgetLabelOverlayAuto</property>
		<controls>
            <control type="panel" id="540">
                <skinshortcuts>visibility</skinshortcuts>
                <include>$SKINSHORTCUTS[widgetpos]</include>
                <onleft>530</onleft>
                <onright>4444</onright>
                <onright condition="Skin.HasSetting(EnhancedHome_Circular)">Control.Move(300,1)</onright>
                <onright condition="Skin.HasSetting(EnhancedHome_Circular)">SetFocus(4444)</onright>
                <include>HomeWin10WidgetLayout</include>
                <include name="$SKINSHORTCUTS[widgetstyle]">
                    <param name="widgetid" value="510" />
                    <param name="widgetLabelVisibility" value="$SKINSHORTCUTS[widgetLabelVisibility]" />
                </include>
                <content target="$SKINSHORTCUTS[target]">$SKINSHORTCUTS[content]</content>
            </control>
        </controls>
	</other>
    
    <other include="VerticalHomeAdvancedWidgets">
		<condition tag="property" attribute="name|widget"></condition>
		<match>any</match>
        <property name="submenuVisibility" tag="property" attribute="name|submenuVisibility" />
        <property name="id" tag="mainmenuid" /> 
        
        <!-- widget 1 -->
		
		<property name="target" tag="property" attribute="name|widgetTarget" />
        <property name="content" tag="property" attribute="name|widgetForceRefresh" value="refresh">$VAR[widget510]</property>
        <property name="content" tag="property" attribute="name|widgetPath" />
        <property name="widgetstyle" tag="property" attribute="name|widgetstyle" value="poster">widget_layout_poster</property>
        <property name="widgetstyle" tag="property" attribute="name|widgetstyle" value="landscape">widget_layout_landscape</property>
        <property name="widgetstyle" tag="property" attribute="name|widgetstyle" value="single box">widget_layout_singlebox</property>
        <property name="widgetstyle" tag="property" attribute="name|widgetstyle" value="wide box">widget_layout_widebox</property>
        <property name="widgetstyle" tag="property" attribute="name|widgetstyle" value="small poster">widget_layout_small_poster</property>
        <property name="widgetstyle" tag="property" attribute="name|widgetstyle" value="square">widget_layout_square</property>
        <property name="widgetstyle">widgetlayout</property>
        <property name="widgetLabelVisibility" tag="property" attribute="name|widgetTags" value="enable">WidgetLabelOverlayEnable</property>
        <property name="widgetLabelVisibility" tag="property" attribute="name|widgetTags" value="disable">WidgetLabelOverlayDisable</property>
        <property name="widgetLabelVisibility">WidgetLabelOverlayAuto</property>
        
        <!-- widget 2 -->
		
		<property name="target.1" tag="property" attribute="name|widgetTarget.1" />
        <property name="content.1" tag="property" attribute="name|widgetForceRefresh.1" value="refresh">$VAR[widget520]</property>
        <property name="content.1" tag="property" attribute="name|widgetPath.1" />
        <property name="widgetstyle.1" tag="property" attribute="name|widgetstyle.1" value="poster">widget_layout_poster</property>
        <property name="widgetstyle.1" tag="property" attribute="name|widgetstyle.1" value="landscape">widget_layout_landscape</property>
        <property name="widgetstyle.1" tag="property" attribute="name|widgetstyle.1" value="single box">widget_layout_singlebox</property>
        <property name="widgetstyle.1" tag="property" attribute="name|widgetstyle.1" value="wide box">widget_layout_widebox</property>
        <property name="widgetstyle.1" tag="property" attribute="name|widgetstyle.1" value="small poster">widget_layout_small_poster</property>
        <property name="widgetstyle.1" tag="property" attribute="name|widgetstyle.1" value="square">widget_layout_square</property>
        <property name="widgetstyle.1">widgetlayout</property>
        <property name="widgetLabelVisibility.1" tag="property" attribute="name|widgetTags.1" value="enable">WidgetLabelOverlayEnable</property>
        <property name="widgetLabelVisibility.1" tag="property" attribute="name|widgetTags.1" value="disable">WidgetLabelOverlayDisable</property>
        <property name="widgetLabelVisibility.1">WidgetLabelOverlayAuto</property>
        
        <!-- widget 3 -->
		
		<property name="target.2" tag="property" attribute="name|widgetTarget.2" />
        <property name="content.2" tag="property" attribute="name|widgetForceRefresh.2" value="refresh">$VAR[widget530]</property>
        <property name="content.2" tag="property" attribute="name|widgetPath.2" />
        <property name="widgetstyle.2" tag="property" attribute="name|widgetstyle.2" value="poster">widget_layout_poster</property>
        <property name="widgetstyle.2" tag="property" attribute="name|widgetstyle.2" value="landscape">widget_layout_landscape</property>
        <property name="widgetstyle.2" tag="property" attribute="name|widgetstyle.2" value="single box">widget_layout_singlebox</property>
        <property name="widgetstyle.2" tag="property" attribute="name|widgetstyle.2" value="wide box">widget_layout_widebox</property>
        <property name="widgetstyle.2" tag="property" attribute="name|widgetstyle.2" value="small poster">widget_layout_small_poster</property>
        <property name="widgetstyle.2" tag="property" attribute="name|widgetstyle.2" value="square">widget_layout_square</property>
        <property name="widgetstyle.2">widgetlayout</property>
        <property name="widgetLabelVisibility.2" tag="property" attribute="name|widgetTags.2" value="enable">WidgetLabelOverlayEnable</property>
        <property name="widgetLabelVisibility.2" tag="property" attribute="name|widgetTags.2" value="disable">WidgetLabelOverlayDisable</property>
        <property name="widgetLabelVisibility.2">WidgetLabelOverlayAuto</property>
        
        <!-- widget 4 -->
		
		<property name="target.3" tag="property" attribute="name|widgetTarget.3" />
        <property name="content.3" tag="property" attribute="name|widgetForceRefresh.3" value="refresh">$VAR[widget540]</property>
        <property name="content.3" tag="property" attribute="name|widgetPath.3" />
        <property name="widgetstyle.3" tag="property" attribute="name|widgetstyle.3" value="poster">widget_layout_poster</property>
        <property name="widgetstyle.3" tag="property" attribute="name|widgetstyle.3" value="landscape">widget_layout_landscape</property>
        <property name="widgetstyle.3" tag="property" attribute="name|widgetstyle.3" value="single box">widget_layout_singlebox</property>
        <property name="widgetstyle.3" tag="property" attribute="name|widgetstyle.3" value="wide box">widget_layout_widebox</property>
        <property name="widgetstyle.3" tag="property" attribute="name|widgetstyle.3" value="small poster">widget_layout_small_poster</property>
        <property name="widgetstyle.3" tag="property" attribute="name|widgetstyle.3" value="square">widget_layout_square</property>
        <property name="widgetstyle.3">widgetlayout</property>
        <property name="widgetLabelVisibility.3" tag="property" attribute="name|widgetTags.3" value="enable">WidgetLabelOverlayEnable</property>
        <property name="widgetLabelVisibility.3" tag="property" attribute="name|widgetTags.3" value="disable">WidgetLabelOverlayDisable</property>
        <property name="widgetLabelVisibility.3">WidgetLabelOverlayAuto</property>
        
        <controls>
            <control type="grouplist" id="77777">
                <bottom>0</bottom>
                <right>0</right>
                <usecontrolcoords>true</usecontrolcoords>
                <height>85%</height>
                <width>1920</width>
                <pagecontrol>688$SKINSHORTCUTS[id]</pagecontrol>
                <include>animation_window_open_close</include>
                <!-- use fade effect to hide non active widget to prevent issues -->
                <animation time="50" effect="fade" start="100" end="0" reversible="true" easing="inout" condition="!StringCompare(Container(300).ListItem.Property(submenuVisibility),$SKINSHORTCUTS[submenuVisibility])">Conditional</animation>
                
                <!--  widget 1 -->
                <include name="VerticalHomeAdvancedWidgetHeader">
                    <param name="id" value="509" />
                    <param name="containerid" value="510" />
                    <param name="widgetidprefix" value="" />
                    <visible>!IsEmpty(Container(300).Listitem.Property(widget))</visible>
                </include>
                <control type="panel" id="510">
                    <skinshortcuts>visibility</skinshortcuts>
                    <include>widgets_animation</include>
                    <visible>!IsEmpty(Container(300).Listitem.Property(widget))</visible>
                    <ondown>520</ondown>
                    <onleft>300</onleft>
                    <include name="$SKINSHORTCUTS[widgetstyle]">
                        <param name="widgetid" value="510" />
                        <param name="widgetLabelVisibility" value="$SKINSHORTCUTS[widgetLabelVisibility]" />
                    </include>
                    <content target="$SKINSHORTCUTS[target]">$SKINSHORTCUTS[content]</content>
                </control>
                <!--  widget 2 -->
                <include name="VerticalHomeAdvancedWidgetHeader">
                    <param name="id" value="519" />
                    <param name="containerid" value="520" />
                    <param name="widgetidprefix" value=".1" />
                    <visible>!IsEmpty(Container(300).Listitem.Property(widget.1))</visible>
                </include>
                <control type="panel" id="520">
                    <skinshortcuts>visibility</skinshortcuts>
                    <include>widgets_animation</include>
                    <visible>!IsEmpty(Container(300).Listitem.Property(widget.1))</visible>
                    <ondown>530</ondown>
                    <onup>510</onup>
                    <onleft>300</onleft>
                    <include name="$SKINSHORTCUTS[widgetstyle.1]">
                        <param name="widgetid" value="520" />
                        <param name="widgetLabelVisibility" value="$SKINSHORTCUTS[widgetLabelVisibility.1]" />
                    </include>
                    <content target="$SKINSHORTCUTS[target.1]">$SKINSHORTCUTS[content.1]</content>
                </control>
                <!--  widget 3 -->
                <include name="VerticalHomeAdvancedWidgetHeader">
                    <param name="id" value="529" />
                    <param name="containerid" value="530" />
                    <param name="widgetidprefix" value=".2" />
                    <visible>!IsEmpty(Container(300).Listitem.Property(widget.2))</visible>
                </include>
                <control type="panel" id="530">
                    <skinshortcuts>visibility</skinshortcuts>
                    <include>widgets_animation</include>
                    <visible>!IsEmpty(Container(300).Listitem.Property(widget.2))</visible>
                    <ondown>540</ondown>
                    <onup>520</onup>
                    <onleft>300</onleft>
                    <include name="$SKINSHORTCUTS[widgetstyle.2]">
                        <param name="widgetid" value="530" />
                        <param name="widgetLabelVisibility" value="$SKINSHORTCUTS[widgetLabelVisibility.2]" />
                    </include>
                    <content target="$SKINSHORTCUTS[target.2]">$SKINSHORTCUTS[content.2]</content>
                </control>
                 <!--  widget 4 -->
                <include name="VerticalHomeAdvancedWidgetHeader">
                    <param name="id" value="539" />
                    <param name="containerid" value="540" />
                    <param name="widgetidprefix" value=".3" />
                    <visible>!IsEmpty(Container(300).Listitem.Property(widget.3))</visible>
                </include>
                <control type="panel" id="540">
                    <skinshortcuts>visibility</skinshortcuts>
                    <include>widgets_animation</include>
                    <visible>!IsEmpty(Container(300).Listitem.Property(widget.3))</visible>
                    <ondown>510</ondown>
                    <onup>530</onup>
                    <onleft>300</onleft>
                    <include name="$SKINSHORTCUTS[widgetstyle.3]">
                        <param name="widgetid" value="540" />
                        <param name="widgetLabelVisibility" value="$SKINSHORTCUTS[widgetLabelVisibility.3]" />
                    </include>
                    <content target="$SKINSHORTCUTS[target.3]">$SKINSHORTCUTS[content.3]</content>
                </control>
                

            </control>
            <!--vertical Scollbar-->
			<control type="scrollbar" id="688$SKINSHORTCUTS[id]">
				<skinshortcuts>visibility</skinshortcuts>
				<right>5</right>
				<bottom>0</bottom>
				<height>85%</height>
				<onup>60</onup>
				<ondown>60</ondown>
				<onleft>54</onleft>
				<animation effect="fade" start="0" end="100" time="400" condition="Control.HasFocus(60) | Skin.HasSetting(EnableTouchSupport) | Container.Scrolling | Skin.HasSetting(alwaysShowScrollbars)">Conditional</animation>
				<animation effect="fade" start="100" end="0" time="400" condition="![Control.HasFocus(60) | Skin.HasSetting(EnableTouchSupport) | Container.Scrolling | Skin.HasSetting(alwaysShowScrollbars)]">Conditional</animation>
			</control>
        </controls>
	</other>

</template>
