<?xml version="1.0" encoding="UTF-8"?>
<shortcuts>
	<!-- live tv tile -->
	<shortcut>
		<label>$LOCALIZE[32022]</label>
		<label2>$LOCALIZE[32022]</label2>
		<icon>special://skin/extras/hometiles/livetv.png</icon>
		<thumb>$INFO[Window(Home).Property(SkinHelper.PvrBackground)]</thumb>
		<action>ActivateWindow(TVGuide)</action>
	</shortcut>
	<!-- all movies tile -->
	<shortcut>
		<label>$LOCALIZE[342]</label>
		<label2>$LOCALIZE[342]</label2>
		<icon>special://skin/extras/hometiles/titan.png</icon>
		<thumb>$INFO[Window(Home).Property(SkinHelper.AllMoviesBackground)]</thumb>
		<action>ActivateWindow(10025,videodb://movies/titles/,return)</action>
	</shortcut>
	<!-- all tvshows tile -->
	<shortcut>
		<label>$LOCALIZE[20343]</label>
		<label2>$LOCALIZE[20343]</label2>
		<icon>special://skin/extras/hometiles/titan.png</icon>
		<thumb>$INFO[Window(Home).Property(SkinHelper.AllTvShowsBackground)]</thumb>
		<action>ActivateWindow(10025,videodb://tvshows/titles/,return)</action>
	</shortcut>
	<!-- music tile -->
	<shortcut>
		<label>$LOCALIZE[10005]</label>
		<label2>$LOCALIZE[10005]</label2>
		<icon>special://skin/extras/hometiles/music.png</icon>
		<thumb>$INFO[Window(Home).Property(SkinHelper.AllMusicBackground)]</thumb>
		<thumb />
		<action>ActivateWindow(10502,return)</action>
	</shortcut>
	<!-- musicvideos tile -->
	<shortcut>
		<label>$LOCALIZE[20389]</label>
		<label2>$LOCALIZE[20389]</label2>
		<icon>special://skin/extras/backgrounds/hover_my music.jpg</icon>
		<thumb>$INFO[Window(Home).Property(SkinHelper.AllMusicVideosBackground)]</thumb>
		<action>ActivateWindow(10025,videodb://musicvideos/titles/,return)</action>
	</shortcut>
	<!-- weather tile -->
	<shortcut>
		<label>$LOCALIZE[12600]</label>
		<label2>$LOCALIZE[12600]</label2>
		<icon>special://skin/extras/hometiles/weather.png</icon>
		<thumb>$VAR[WeatherFanArtSingleImage_Current]</thumb>
		<action>ActivateWindow(Weather)</action>
	</shortcut>
	<!-- youtube tile -->
	<shortcut>
		<label>$LOCALIZE[31062]</label>
		<label2>youtube</label2>
		<defaultID>plugin.video.youtube</defaultID>
		<icon>special://skin/extras/hometiles/youtube.png</icon>
		<thumb />
		<action>ActivateWindow(10025,plugin://plugin.video.youtube,return)</action>
	</shortcut>
	<!-- pictures tile -->
	<shortcut>
		<label>$LOCALIZE[10002]</label>
		<label2>$LOCALIZE[10002]</label2>
		<icon>special://skin/extras/hometiles/pictures.png</icon>
		<thumb>$INFO[Window(Home).Property(SkinHelper.PicturesBackground)]</thumb>
		<action>ActivateWindow(pictures,return)</action>
		<visible>!Skin.HasSetting(HomeMenuUsePlexforPictures)</visible>
	</shortcut>
	<!-- addons tile -->
	<shortcut>
		<label>$LOCALIZE[10040]</label>
		<label2>$LOCALIZE[10040]</label2>
		<icon>special://skin/extras/hometiles/addons.png</icon>
		<thumb />
		<action>ActivateWindow(Programs,Addons,return)</action>
	</shortcut>
	<!-- videos tile -->
	<shortcut>
		<label>$LOCALIZE[10006]</label>
		<label2>$LOCALIZE[10006]</label2>
		<icon>special://skin/extras/hometiles/videos.png</icon>
		<thumb />
		<action>ActivateWindow(Videos,return)</action>
	</shortcut>
	<!-- settings tile -->
	<shortcut>
		<label>$LOCALIZE[10004]</label>
		<label2>$LOCALIZE[10004]</label2>
		<icon>special://skin/extras/hometiles/settings.png</icon>
		<thumb />
		<action>ActivateWindow(Settings)</action>
	</shortcut>
	
	
</shortcuts>
