<?xml version='1.0' encoding='UTF-8'?>
<shortcuts>
	<shortcut>
		<defaultID>recommendedmedia</defaultID>
		<label>$ADDON[script.skin.helper.service 32004]</label>
		<label2 />
		<icon>DefaultShortcut.png</icon>
		<thumb />
		<action>ActivateWindow(Videos,plugin://script.skin.helper.service/?action=RecommendedMedia&amp;limit=100&amp;reload=$INFO[Window(Home).Property(widgetreload)],return)</action>
	</shortcut>
	<shortcut>
		<defaultID>inprogressmedia</defaultID>
		<label>$ADDON[script.skin.helper.service 32086]</label>
		<label2 />
		<icon>DefaultShortcut.png</icon>
		<thumb />
		<action>ActivateWindow(Videos,plugin://script.skin.helper.service/?action=inprogressmedia&amp;limit=100&amp;reload=$INFO[Window(Home).Property(widgetreload)],return)</action>
	</shortcut>
	<shortcut>
		<defaultID>recentmedia</defaultID>
		<label>$ADDON[script.skin.helper.service 32005]</label>
		<label2 />
		<icon>DefaultShortcut.png</icon>
		<thumb />
		<action>ActivateWindow(Videos,plugin://script.skin.helper.service/?action=recentmedia&amp;limit=100&amp;reload=$INFO[Window(Home).Property(widgetreload)],return)</action>
	</shortcut>
	<shortcut>
		<defaultID>similarmovies</defaultID>
		<label>$ADDON[script.skin.helper.service 32006]</label>
		<label2 />
		<icon>DefaultShortcut.png</icon>
		<thumb />
		<action>ActivateWindow(Videos,plugin://script.skin.helper.service/?action=similarmovies&amp;limit=100&amp;reload=$INFO[Window(Home).Property(widgetreload)],return)</action>
	</shortcut>
	<shortcut>
		<defaultID>favouritemedia</defaultID>
		<label>$ADDON[script.skin.helper.service 32001]</label>
		<label2 />
		<icon>DefaultShortcut.png</icon>
		<thumb />
		<action>ActivateWindow(Videos,plugin://script.skin.helper.service/?action=favouritemedia&amp;limit=100&amp;reload=$INFO[Window(Home).Property(widgetreload2)],return)</action>
	</shortcut>
	<shortcut>
		<defaultID>favourites</defaultID>
		<label>$ADDON[script.skin.helper.service 32000]</label>
		<label2 />
		<icon>DefaultShortcut.png</icon>
		<thumb />
		<action>ActivateWindow(Videos,plugin://script.skin.helper.service/?action=favourites&amp;limit=100&amp;reload=$INFO[Window(Home).Property(widgetreload2)],return)</action>
	</shortcut>
	<shortcut>
		<defaultID />
		<label>$LOCALIZE[342]</label>
		<label2>Video's</label2>
		<icon>DefaultShortcut.png</icon>
		<thumb />
		<action>ActivateWindow(10025,"library://video/movies/",return)</action>
	</shortcut>
	<shortcut>
		<defaultID />
		<label>$LOCALIZE[20343]</label>
		<label2>Video's</label2>
		<icon>DefaultShortcut.png</icon>
		<thumb />
		<action>ActivateWindow(10025,"library://video/tvshows/",return)</action>
	</shortcut>
	<shortcut>
		<defaultID>music</defaultID>
		<label>10005</label>
		<label2 />
		<icon>special://skin/extras/hometiles/music.png</icon>
		<thumb />
		<action>ActivateWindow(10502,musicdb://,return)</action>
	</shortcut>
</shortcuts>
