<?xml version='1.0' encoding='UTF-8'?>
<shortcuts>
	<shortcut>
		<label>20077</label>
		<label2>Settings</label2>
		<defaultID>20077</defaultID>
		<icon>special://skin/extras/hometiles/settings.png</icon>
		<thumb />
		<action>ActivateWindow(SkinSettings)</action>
	</shortcut>
	<shortcut>
		<label>10004</label>
		<label2>Settings</label2>
		<defaultID>20077</defaultID>
		<icon>special://skin/extras/hometiles/settings.png</icon>
		<thumb />
		<action>ActivateWindow(Settings)</action>
	</shortcut>
	<shortcut>
		<label>7</label>
		<label2>Common Shortcut</label2>
		<defaultID>7</defaultID>
		<icon>special://skin/extras/hometiles/filemanager.png</icon>
		<thumb />
		<action>ActivateWindow(FileManager)</action>
	</shortcut>
    <shortcut>
		<label>14111</label>
		<label2>Common Shortcut</label2>
		<defaultID>14111</defaultID>
		<icon>special://skin/extras/hometiles/settings.png</icon>
		<thumb />
		<action>ActivateWindow(eventlog)</action>
	</shortcut>
</shortcuts>
