<?xml version="1.0" encoding="utf-8"?>
<!--Titan-->
<window>
    <defaultcontrol always="true">11</defaultcontrol>
    <controls>
        <include condition="Skin.HasSetting(EnableTouchSupport)">TouchScreenWorkaround</include>
		<control type="group">
			<posx>-660</posx>
			<posy>0</posy>
			<animation type="WindowOpen">
				<effect type="slide" start="0" end="660" time="250" tween="cubic" easing="inout" />
			</animation>
			<animation type="WindowClose">
				<effect type="slide" start="660" end="0" time="250" tween="cubic" easing="inout" />
			</animation>
			<!--Panel-->
			<control type="image">
                <posy>0</posy>
                <posx>0</posx>
                <width>555</width>
                <height>100%</height>
                <texture border="5">diffuse/panel.png</texture>
                <colordiffuse>$INFO[Skin.String(OSDPanelColor)]</colordiffuse>
                <aspectratio>stretch</aspectratio>
            </control>
            <control type="image">
                <posy>0</posy>
                <posx>0</posx>
                <width>550</width>
                <height>100%</height>
                <texture border="5">diffuse/panel.png</texture>
                <colordiffuse>$INFO[Skin.String(OSDPanelColor)]</colordiffuse>
                <aspectratio>stretch</aspectratio>
            </control>

		<!-- header -->
        <control type="label">
            <posx>40</posx>
            <posy>10</posy>
            <width min="80" max="1100">auto</width>
            <height>100</height>
            <font>Bold45</font>
            <align>left</align>
            <textcolor>$INFO[Skin.String(OSDPrimaryTextColor)]</textcolor>
            <label>$INFO[VideoPlayer.ChannelGroup]</label>
			<visible>!Window.IsActive(infodialog) + !Window.IsActive(extendedprogressdialog)</visible>
			<visible>!pvr.IsPlayingRadio</visible>
        </control>
		<control type="label">
            <posx>40</posx>
            <posy>10</posy>
            <width min="80" max="1100">auto</width>
            <height>100</height>
            <font>Bold45</font>
            <align>left</align>
            <textcolor>$INFO[Skin.String(OSDPrimaryTextColor)]</textcolor>
            <label>[UPPERCASE]$LOCALIZE[19024][/UPPERCASE]</label>
			<visible>!Window.IsActive(infodialog) + !Window.IsActive(extendedprogressdialog)</visible>
			<visible>pvr.IsPlayingRadio</visible>
        </control>
		
		<control type="label">
			<!--Info Time Date-->
			<posx>40</posx>
			<posy>80</posy>
			<width>600</width>
			<height>50</height>
			<font>Reg28</font>
			<textcolor>$INFO[Skin.String(OSDSecondaryTextColor)]</textcolor>
			<label>$INFO[System.Date(DDD)], $INFO[System.Date(d)] $INFO[System.Date(mmm)] $INFO[System.Date(yyyy)] | $INFO[System.Time]</label>
		</control>
		
		<!--Label Menu: -->
		<control type="image">
			<!--Seperator-->
			<posx>0</posx>
			<posy>140</posy>
			<width>500</width>
			<height>20</height>
			<align>left</align>
			<texture>common/menu-separator.png</texture>
		</control>
         <!-- Scollbar behind panel for touch control-->
		<control type="scrollbar" id="60">
			<posx>0</posx>
            <posy>160</posy>
            <width>540</width>
            <height>900</height>
			<onup>60</onup>
			<ondown>60</ondown>
			<onleft>50</onleft>
			<animation effect="fade" start="100" end="0" time="10" condition="true">Conditional</animation>
		</control>
		
		<!--List ID=11-->
        <control type="list" id="11">
            <posx>0</posx>
            <posy>180</posy>
            <width>530</width>
            <height>875</height>
            <onleft>PreviousChannelGroup</onleft>
            <onright>NextChannelGroup</onright>
            <onup>11</onup>
            <ondown>11</ondown>
            <viewtype label="535">list</viewtype>
            <pagecontrol>60</pagecontrol>
            <scrolltime>200</scrolltime>
            <itemlayout height="130" width="530">
                <control type="label">
                    <!--Channel Number-->
                    <posx>0</posx>
                    <posy>0</posy>
                    <width>100</width>
                    <height>100</height>
                    <font>Reg40</font>
                    <textcolor>$INFO[Skin.String(OSDPrimaryTextColor)]</textcolor>
                    <selectedcolor>$INFO[Skin.String(OSDPrimaryTextColor)]</selectedcolor>
                    <align>center</align>
                    <info>ListItem.ChannelNumber</info>
					<visible>IsEmpty(ListItem.Icon)</visible>
                </control>
                <control type="image">
                    <!--Rec-->
                    <posx>100</posx>
                    <posy>0</posy>
                    <width>50</width>
                    <height>50</height>
                    <texture>pvr/icons/pvr_record.png</texture>
                    <visible>ListItem.IsRecording</visible>
                </control>
                <control type="image">
                    <!--Now Playing Icon-->
                    <posx>100</posx>
                    <posy>0</posy>
                    <width>50</width>
                    <height>50</height>
                    <fadetime>600</fadetime>
                    <texture>pvr/icons/pvr_play.png</texture>
                    <visible>ListItem.Isplaying + !ListItem.IsRecording</visible>
                </control>
                <control type="image">
                    <!--Channel Icon-->
                    <posx>10</posx>
                    <posy>10</posy>
                    <width>80</width>
                    <height>90</height>
                    <texture fallback="DefaultTVShows.png">$INFO[ListItem.Icon]</texture>
					<aspectratio>keep</aspectratio>
                </control>
                <control type="label">
                    <!--Channel Name-->
                    <animation effect="slide" start="0" end="50" time="0" reversible="false" condition="ListItem.Isplaying | ListItem.IsRecording">Conditional</animation>
                    <posx>110</posx>
                    <posy>10</posy>
                    <width>450</width>
                    <height>25</height>
                    <font>Reg28</font>
                    <textcolor>$INFO[Skin.String(OSDPrimaryTextColor)]</textcolor>
                    <selectedcolor>$INFO[Skin.String(OSDPrimaryTextColor)]</selectedcolor>
                    <align>left</align>
                    <aligny>center</aligny>
                    <label>$INFO[ListItem.Label]</label>
                </control>
                <control type="label">
                    <!--Channel Now Playing (LEFT)-->
                    <posx>110</posx>
                    <posy>45</posy>
                    <width>630</width>
                    <height>20</height>
                    <font>Reg25</font>
                    <textcolor>$INFO[Skin.String(OSDSecondaryTextColor)]</textcolor>
                    <selectedcolor>$INFO[Skin.String(OSDSecondaryTextColor)]</selectedcolor>
                    <align>left</align>
                    <aligny>center</aligny>
                    <label>$INFO[ListItem.Title]</label>
                </control>
                <control type="label">
                    <!--Time: Start, End (RIGHT)-->
                    <posx>110</posx>
                    <posy>75</posy>
                    <width>110</width>
                    <height>20</height>
                    <font>Reg18</font>
                    <textcolor>$INFO[Skin.String(OSDPrimaryTextColor)]</textcolor>
                    <selectedcolor>$INFO[Skin.String(OSDPrimaryTextColor)]</selectedcolor>
                    <align>left</align>
                    <aligny>center</aligny>
                    <label>$INFO[ListItem.StartTime]</label>
					<visible>ListItem.HasEpg</visible>
                </control>
				<control type="progress">
					<description>Progressbar</description>
					<left>220</left>
					<top>80</top>
					<width>200</width>
					<height>10</height>
					<texturebg border="5" colordiffuse="$VAR[OSDProgressBarBackgroundColor]">diffuse/panel_trans.png</texturebg>
					<lefttexture>-</lefttexture>
					<midtexture border="5" colordiffuse="$INFO[Skin.String(OSDProgressBarColor)]">diffuse/panel.png</midtexture>
					<righttexture>-</righttexture>
					<overlaytexture>-</overlaytexture>
					<info>ListItem.Progress</info>
					<visible>ListItem.HasEpg</visible>
				</control>
				<control type="label">
                    <!--Time: Start, End (RIGHT)-->
                    <right>5</right>
                    <posy>75</posy>
                    <width>130</width>
                    <height>20</height>
                    <font>Reg18</font>
                    <textcolor>$INFO[Skin.String(OSDPrimaryTextColor)]</textcolor>
                    <selectedcolor>$INFO[Skin.String(OSDPrimaryTextColor)]</selectedcolor>
                    <align>right</align>
                    <aligny>center</aligny>
                    <label>$INFO[ListItem.EndTime]</label>
					<visible>ListItem.HasEpg</visible>
                </control>
                <control type="label">
                    <!--Next info-->
                    <posx>110</posx>
                    <posy>100</posy>
                    <width>630</width>
                    <height>20</height>
                    <font>Reg18</font>
                    <textcolor>$INFO[Skin.String(OSDPrimaryTextColor)]</textcolor>
                    <selectedcolor>$INFO[Skin.String(OSDPrimaryTextColor)]</selectedcolor>
                    <align>left</align>
                    <aligny>center</aligny>
                    <label>$LOCALIZE[19031]: $INFO[ListItem.NextTitle]</label>
					<visible>ListItem.HasEpg</visible>
                </control>
                <control type="image">
                    <!--Separator-->
                    <posx>0</posx>
                    <posy>125</posy>
                    <width>530</width>
                    <height>20</height>
                    <fadetime>400</fadetime>
                    <colordiffuse>list_separator</colordiffuse>
                    <texture>common/separator.png</texture>
                </control>
            </itemlayout>
            <focusedlayout height="130" width="530">
				<control type="image">
					<posx>0</posx>
					<posy>0</posy>
					<width>970</width>
                    <height>125</height>
					<texture border="5">diffuse/panel.png</texture>
					<colordiffuse>$INFO[Skin.String(ButtonFocusColor)]</colordiffuse>
				</control>
                <control type="label">
                    <!--Channel Number-->
                    <posx>0</posx>
                    <posy>0</posy>
                    <width>100</width>
                    <height>100</height>
                    <font>Reg40</font>
                    <textcolor>$INFO[Skin.String(ButtonFocusTextColor)]</textcolor>
                    <selectedcolor>$INFO[Skin.String(ButtonFocusTextColor)]</selectedcolor>
                    <align>center</align>
                    <info>ListItem.ChannelNumber</info>
					<visible>IsEmpty(ListItem.Icon)</visible>
                </control>
                <control type="image">
                    <!--Rec-->
                    <posx>100</posx>
                    <posy>0</posy>
                    <width>50</width>
                    <height>50</height>
                    <texture>pvr/icons/pvr_record.png</texture>
                    <visible>ListItem.IsRecording</visible>
                </control>
                <control type="image">
                    <!--Now Playing Icon-->
                    <posx>100</posx>
                    <posy>0</posy>
                    <width>50</width>
                    <height>50</height>
                    <fadetime>600</fadetime>
                    <texture>pvr/icons/pvr_play.png</texture>
                    <visible>ListItem.Isplaying + !ListItem.IsRecording</visible>
                </control>
                <control type="image">
                    <!--Channel Icon-->
                    <posx>10</posx>
                    <posy>10</posy>
                    <width>80</width>
                    <height>90</height>
                    <texture fallback="DefaultTVShows.png">$INFO[ListItem.Icon]</texture>
					<aspectratio>keep</aspectratio>
                </control>
                <control type="label">
                    <!--Channel Name-->
                    <animation effect="slide" start="0" end="50" time="0" reversible="false" condition="ListItem.Isplaying | ListItem.IsRecording">Conditional</animation>
                    <posx>110</posx>
                    <posy>10</posy>
                    <width>450</width>
                    <height>25</height>
                    <font>Reg28</font>
                    <textcolor>$INFO[Skin.String(ButtonFocusTextColor)]</textcolor>
                    <align>left</align>
                    <aligny>center</aligny>
                    <label>$INFO[ListItem.Label]</label>
                </control>
                <control type="label">
                    <!--Channel Now Playing (LEFT)-->
                    <posx>110</posx>
                    <posy>45</posy>
                    <width>630</width>
                    <height>20</height>
                    <font>Reg25</font>
                    <textcolor>$INFO[Skin.String(ButtonFocusTextColor)]</textcolor>
                    <align>left</align>
                    <aligny>center</aligny>
					<scroll>true</scroll>
                    <label>$INFO[ListItem.Title]</label>
                </control>
                <control type="label">
                    <!--Time: Start, End (RIGHT)-->
                    <posx>110</posx>
                    <posy>75</posy>
                    <width>110</width>
                    <height>20</height>
                    <font>Reg18</font>
                    <textcolor>$INFO[Skin.String(ButtonFocusTextColor)]</textcolor>
                    <align>left</align>
                    <aligny>center</aligny>
                    <label>$INFO[ListItem.StartTime]</label>
					<visible>ListItem.HasEpg</visible>
                </control>
				<control type="progress">
					<description>Progressbar</description>
					<left>220</left>
					<top>80</top>
					<width>200</width>
					<height>10</height>
					<info>ListItem.Progress</info>
					<visible>ListItem.HasEpg</visible>
                    <texturebg border="5" colordiffuse="$VAR[OSDProgressBarBackgroundColor]">diffuse/panel_trans.png</texturebg>
					<lefttexture>-</lefttexture>
					<midtexture border="5" colordiffuse="$INFO[Skin.String(ButtonFocusTextColor)]">diffuse/panel.png</midtexture>
					<righttexture>-</righttexture>
					<overlaytexture>-</overlaytexture>
				</control>
				<control type="label">
                    <!--Time: Start, End (RIGHT)-->
                    <right>5</right>
                    <posy>75</posy>
                    <width>110</width>
                    <height>20</height>
                    <font>Reg18</font>
                    <textcolor>$INFO[Skin.String(ButtonFocusTextColor)]</textcolor>
                    <align>right</align>
                    <aligny>center</aligny>
                    <label>$INFO[ListItem.EndTime]</label>
					<visible>ListItem.HasEpg</visible>
                </control>
                <control type="label">
                    <!--Next info-->
                    <posx>110</posx>
                    <posy>100</posy>
                    <width>630</width>
                    <height>20</height>
                    <font>Reg18</font>
                    <textcolor>$INFO[Skin.String(ButtonFocusTextColor)]</textcolor>
                    <selectedcolor>$INFO[Skin.String(ButtonFocusTextColor)]</selectedcolor>
                    <align>left</align>
                    <aligny>center</aligny>
                    <label>$LOCALIZE[19031]: $INFO[ListItem.NextTitle]</label>
					<visible>ListItem.HasEpg</visible>
                </control>
                <control type="image">
                    <!--Separator-->
                    <posx>0</posx>
                    <posy>125</posy>
                    <width>530</width>
                    <height>20</height>
                    <fadetime>400</fadetime>
                    <colordiffuse>list_separator</colordiffuse>
                    <texture>common/separator.png</texture>
                </control>
            </focusedlayout>
        </control>

    </control>

	</controls>
</window>