<?xml version="1.0" encoding="utf-8"?>
<!--Titan-->
<window>
    <defaultcontrol always="true">9000</defaultcontrol>
    <controls>
        <!--Dialog Overlay-->
		<control type="group">
			<visible>!Window.IsVisible(AddonSettings) + !Window.IsActive(TextViewer)</visible>
			<include>DialogOverlayExtra</include>
			<animation effect="fade" time="250" start="0" end="100" reversible="false">WindowOpen</animation>
        </control>
		
        <!--Dialog PVR Guid Info-->
        <control type="group">
            <visible>!Window.IsVisible(AddonSettings) + !Window.IsActive(TextViewer)</visible>
			<animation type="WindowOpen">
				<effect type="slide" start="1200" end="0" time="250" tween="cubic" easing="inout" />
			</animation>
			<animation type="WindowClose">
				<effect type="slide" start="0" end="1200" time="250" tween="cubic" easing="inout" />
			</animation>
            <!--Panel-->
            <control type="image">
                <posx>630</posx>
                <posy>0</posy>
                <width>1340</width>
                <height>100%</height>
				<texture border="15">diffuse/bgpanel.png</texture>
				
				<colordiffuse>$INFO[Skin.String(GeneralPanelsColor)]</colordiffuse>
            </control>
            <!-- close dialog -->
            <control type="group">
                <include>animation_fade_visible_hidden</include>
                <right>60</right>
                <width>60</width>
                <posy>40</posy>
                <include condition="Skin.HasSetting(EnableTouchSupport)">close_button</include>
            </control>
			
           <!--Header-->
            <control type="label">
                <description>Heading</description>
                <posx>700</posx>
                <posy>10</posy>
                <width>1200</width>
				<font>Bold45</font>
                <textcolor>$INFO[Skin.String(GeneralHighlightTextColor)]</textcolor>
				<shadowcolor>black</shadowcolor>
                <align>left</align>
				<height>100</height>
				<label>24003</label>
            </control>
			<!-- title -->
			<control type="label">
				<posx>700</posx>
				<posy>150</posy>
				<width>800</width>
				<font>Reg36</font>
				<align>left</align>
				<label>$INFO[ListItem.Property(Addon.Name)]</label>
            </control>

			
			<control type="image">
				<posx>680</posx>
                <posy>220</posy>
				<width>1200</width>
				<height>250</height>
				<texture border="5">dialogs/default/inner.png</texture>
			</control>
			
			<!--Icon-->
            <control type="image" id="3">
                <right>60</right>
                <posy>235</posy>
                <width>350</width>
                <height>220</height>
                <fadetime>800</fadetime>
				<aspectratio align="right" aligny="center" scalediffuse="true">keep</aspectratio>
				<texture background="true" diffuse="diffuse/poster.png" fallback="DefaultVideo.png" border="5">$INFO[ListItem.Icon]</texture>
            </control>
			
            <control type="grouplist">
                <posx>680</posx>
                <posy>220</posy>

                <control type="button">
                     <!--Addon Type-->
                    <width>800</width>
                    <height>60</height>
                    <align>left</align>
                    <textoffsetx>20</textoffsetx>
                    <textwidth>540</textwidth>
                    <texturenofocus>dialogs/default/separator.png</texturenofocus>
                    <label>$LOCALIZE[146]</label>
                    <label2>$INFO[ListItem.Property(Addon.Type)]</label2>
                    <enable>false</enable>
					<disabledcolor>$INFO[Skin.String(GeneralTextColor)]</disabledcolor>
                </control>
                <control type="button">
                    <!--Autor-->
                    <width>800</width>
                    <height>60</height>
                    <align>left</align>
                    <textoffsetx>20</textoffsetx>
                    <textwidth>540</textwidth>
                    <texturenofocus>dialogs/default/separator.png</texturenofocus>
                    <label>$LOCALIZE[21863]:</label>
                    <label2>$INFO[ListItem.Property(Addon.Creator)]</label2>
                    <enable>false</enable>
					<disabledcolor>$INFO[Skin.String(GeneralTextColor)]</disabledcolor>
                </control>
                <control type="button">
                    <!--Version-->
                    <width>800</width>
                    <height>60</height>
                    <align>left</align>
                    <textoffsetx>20</textoffsetx>
                    <textwidth>540</textwidth>
                    <texturenofocus>dialogs/default/separator.png</texturenofocus>
                    <label>$LOCALIZE[24051]</label>
                    <label2>$INFO[ListItem.Property(Addon.Version)]</label2>
                    <enable>false</enable>
					<disabledcolor>$INFO[Skin.String(GeneralTextColor)]</disabledcolor>
                </control>
                <control type="fadelabel">
                    <!--Disclaimer-->
                    <width>800</width>
                    <height>60</height>
                    <align>left</align>
					<autoscroll>true</autoscroll>
                    <label>   $INFO[ListItem.Property(Addon.Disclaimer)]</label>
					<textcolor>red</textcolor>
					<visible>!IsEmpty(ListItem.Property(Addon.Disclaimer))</visible>
                </control>
            </control>
            <control type="image">
                <posx>680</posx>
                <posy>486</posy>
                <width>1200</width>
                <height>430</height>
                <texture border="5">dialogs/default/inner.png</texture>
            </control>
            <control type="textbox" id="4">
                <description>Plot value</description>
                <posx>700</posx>
                <posy>506</posy>
                <width>1160</width>
                <height>388</height>
                <align>justify</align>
                <pagecontrol>60</pagecontrol>
                <label fallback="19055">$INFO[ListItem.Property(Addon.Summary)][CR]$INFO[ListItem.Property(Addon.Description)]</label>
            </control>
			<!--Button Group-->
            <control type="grouplist" id="9000">
                <posx>680</posx>
                <posy>940</posy>
				<orientation>horizontal</orientation>
				<itemgap>5</itemgap>
                <defaultcontrol>5</defaultcontrol>
				<onup>50</onup>
				<width>1200</width>
				
                <control type="button" id="11111">
                    <!--Close-->
                    <width>290</width>
                    <height>80</height>
                    <align>center</align>
                    <label>222</label>
					<include>DialogButtonOther</include>
                    <onclick>Close</onclick>
                    <visible>Control.IsEnabled(11)</visible>
                </control>
                <control type="button" id="12">
                  <!--Launch Addon button-->
                    <width>300</width>
                    <height>80</height>
                    <align>center</align>
                    <label>518</label>
					<include>DialogButtonOther</include>
					<visible>Control.IsEnabled(12)</visible>
                </control>
				
				<control type="button" id="8">
                  <!--Update Addon button-->
                    <width>300</width>
                    <height>80</height>
                    <align>center</align>
                    <label>24069</label>
					<include>DialogButtonOther</include>
					<visible>Control.IsEnabled(8)</visible>
                </control>
				<control type="button" id="6">
                    <!--Install/Uninstall Addon button-->
                    <width>300</width>
                    <height>80</height>
                    <align>center</align>
                    <label>24022</label>
					<include>DialogButtonOther</include>
					<visible>Control.IsEnabled(6)</visible>
                </control>
                <control type="button" id="7">
                    <!--Enable/Disable Addon button-->
                    <width>300</width>
                    <height>80</height>
                    <align>center</align>
                    <label>24021</label>
					<include>DialogButtonOther</include>
					<visible>Control.IsEnabled(7)</visible>
                </control>

                <control type="button" id="9">
                   <!--Addon Settings-->
                    <width>300</width>
                    <height>80</height>
                    <align>center</align>
                    <label>24020</label>
					<include>DialogButtonOther</include>
					<visible>Control.IsEnabled(9)</visible>
                </control>
				
				
				<control type="button" id="10">
                    <!--Changelog button-->
                    <width>300</width>
                    <height>80</height>
                    <align>center</align>
                    <label>24036</label>
					<include>DialogButtonOther</include>
					<visible>Control.IsEnabled(10)</visible>
                </control>
                
                <control type="radiobutton" id="13">
                    <!--enable auto update-->
                    <width>400</width>
                    <textoffsetx>30</textoffsetx>
                    <height>80</height>
                    <align>left</align>
                    <label>21340</label>
					<include>DialogButtonOther</include>
                </control>
				
            </control>
            <!--Arrows-->
            <control type="image">
                <animation effect="fade" start="100" end="50" tween="sine" easing="inout" time="800" pulse="true" reversible="false" condition="true">Conditional</animation>
                <right>10</right>
                <bottom>72</bottom>
                <posy>50</posy>
                <width>20</width>
                <height>60</height>
                <aspectratio>keep</aspectratio>
                <texture>dialogs/videoinfo/arrow.png</texture>
                <visible>!Control.HasFocus(51)</visible>
                <colordiffuse>white</colordiffuse>
                <visible>Container(9000).HasNext</visible>
            </control>
            <control type="image">
                <animation effect="fade" start="100" end="50" tween="sine" easing="inout" time="800" pulse="true" reversible="false" condition="true">Conditional</animation>
                <right>1250</right>
                <bottom>72</bottom>
                <posy>50</posy>
                <width>20</width>
                <height>60</height>
                <aspectratio>keep</aspectratio>
                <texture flipx="true">dialogs/videoinfo/arrow.png</texture>
                <visible>!Control.HasFocus(51)</visible>
                <colordiffuse>white</colordiffuse>
                <visible>Container(9000).HasPrevious</visible>
            </control>
        </control>
    </controls>
</window>