<?xml version="1.0" encoding="utf-8"?>
<!--Titan-->
<window>
    <defaultcontrol>5</defaultcontrol>
    <controls>
        <!--Dialog Overlay-->

		<include>DialogOverlayExtra</include>
        <!--Dialog Profile Setting-->
        <control type="group">
            <include>animation_window_open_close</include>
            <visible>!Window.IsVisible(filebrowser) + !Window.IsVisible(virtualkeyboard) + !Window.IsVisible(locksettings)</visible>
			
			<control type="image">
                <!--Panel-->
                <posx>544</posx>
                <posy>326</posy>
                <width>832</width>
                <height>500</height>
                <texture border="15">diffuse/bgpanel.png</texture>
				
				<colordiffuse>$INFO[Skin.String(GeneralPanelsColor)]</colordiffuse>
            </control>
			<control type="image">
                <!--Panel-->
                <posx>544</posx>
                <posy>326</posy>
                <width>832</width>
                <height>500</height>
				<bordersize>10</bordersize>
                <texture border="15">diffuse/bgpanel.png</texture>
				
				<colordiffuse>$INFO[Skin.String(GeneralPanelsColor)]</colordiffuse>
            </control>

            <control type="image">
                <posx>578</posx>
                <posy>360</posy>
                <width>764</width>
                <height>361</height>
                <texture border="5">dialogs/default/inner.png</texture>
            </control>
			<control type="image" id="101">
                <texture diffuse="common/profil/profile_mask.png" />
                <description>profile image</description>
                <posx>920</posx>
                <posy>235</posy>
                <width>80</width>
                <height>80</height>
                <align>center</align>
                <aspectratio>scale</aspectratio>
            </control>
            <control type="grouplist" id="5">
                <description>Control Area</description>
                <posx>578</posx>
                <posy>360</posy>
                <width>764</width>
                <height>360</height>
                <itemgap>0</itemgap>
                <orientation>vertical</orientation>
                <pagecontrol>60</pagecontrol>
                <onleft>1004</onleft>
                <onright>1004</onright>
                <onup>1004</onup>
                <ondown>1004</ondown>
                <scrolltime tween="cubic" easing="out">500</scrolltime>
            </control>
			<control type="label" id="102">
                <description>profile name</description>
                <posx>1322</posx>
                <posy>360</posy>
                <width>352</width>
                <height>60</height>
                <align>right</align>
                <include condition="!Skin.HasTheme(classic)">DialogLabel</include>
                <include condition="Skin.HasTheme(classic)">DialogLabel</include>
                <visible>!ControlGroup(5).HasFocus() | !ControlGroup(5).HasFocus(30)</visible>
            </control>
            <control type="label">
                <description>profile name</description>
                <posx>1322</posx>
                <posy>360</posy>
                <width>352</width>
                <height>60</height>
                <align>right</align>
                <label>$INFO[Control.GetLabel(1000)]</label>
                <include condition="!Skin.HasTheme(classic)">DialogLabel</include>
                <include condition="Skin.HasTheme(classic)">DialogLabel</include>
                <visible>ControlGroup(5).HasFocus() + ControlGroup(5).HasFocus(30)</visible>
            </control>
            <control type="image">
                <description>profile image</description>
                <posx>1282</posx>
                <posy>430</posy>
                <width>40</width>
                <height>40</height>
                <texture>$INFO[Control.GetLabel(2)]</texture>
            </control>
			<control type="label" id="103">
                <description>profile location</description>
                <posx>1322</posx>
                <posy>480</posy>
                <width>352</width>
                <height>60</height>
                <align>right</align>
                <include condition="!Skin.HasTheme(classic)">DialogLabel</include>
                <include condition="Skin.HasTheme(classic)">DialogLabel</include>
                <visible>[!ControlGroup(5).HasFocus() | !ControlGroup(5).HasFocus(32)] + !IsEmpty(Control.GetLabel(33))</visible>
            </control>
            <control type="label">
                <description>profile location</description>
                <posx>1322</posx>
                <posy>480</posy>
                <width>352</width>
                <height>60</height>
                <align>right</align>
                <label>$INFO[Control.GetLabel(1001)]</label>
                <include condition="!Skin.HasTheme(classic)">DialogLabel</include>
                <include condition="Skin.HasTheme(classic)">DialogLabel</include>
                <visible>ControlGroup(5).HasFocus() + ControlGroup(5).HasFocus(32) + !IsEmpty(Control.GetLabel(33))</visible>
            </control>
            <control type="button" id="7">
                <description>-</description>
                <height>60</height>
                <align>left</align>
                <textwidth>352</textwidth>
                <textoffsetx>20</textoffsetx>
                <include>DialogButton</include>
                <texturefocus colordiffuse="$INFO[Skin.String(ButtonFocusColor)]">colors/color_white.png</texturefocus>
                <texturenofocus>dialogs/default/separator-btn.png</texturenofocus>
            </control>
            <control type="radiobutton" id="8">
                <description>-</description>
                <height>60</height>
                <align>left</align>
                <textwidth>352</textwidth>
                <textoffsetx>20</textoffsetx>
                <radioposx>852</radioposx>
                <include>DialogButton</include>
            </control>
            <control type="spincontrolex" id="9">
                <description>-</description>
                <include>DialogButton</include>
                <align>left</align>
                <textwidth>352</textwidth>
                <textoffsetx>20</textoffsetx>
                <spinposx>5</spinposx>
            </control>
            <control type="sliderex" id="10">
                <description>Slider</description>
                <include>DialogButton</include>
                <textwidth>352</textwidth>
                <textoffsetx>20</textoffsetx>
                <sliderwidth>140</sliderwidth>
                <sliderheight>20</sliderheight>
                <align>left</align>
				<visible>false</visible>
            </control>
            <control type="group" id="1004">
                <posx>570</posx>
                <posy>728</posy>
				<width>780</width>
                <control type="button" id="28">
                    <description>OK</description>
                    <label>186</label>
                    <include>DialogButtonOther</include>
                    <onleft>29</onleft>
                    <onright>29</onright>
                    <onup>5</onup>
                    <ondown>5</ondown>
                    <animation effect="fade" start="100" end="75" time="0" condition="!Control.IsEnabled(28)">Conditional</animation>
                </control>
                <control type="button" id="29">
                    <right>0</right>
                    <description>Cancel</description>
                    <label>$LOCALIZE[222]</label>
                    <include>DialogButtonOther</include>
                    <onleft>28</onleft>
                    <onright>28</onright>
                    <onup>5</onup>
                    <ondown>5</ondown>
                    <animation effect="fade" start="100" end="75" time="0" condition="!Control.IsEnabled(29)">Conditional</animation>
                </control>
            </control>
        </control>
    </controls>
</window>