<?xml version="1.0" encoding="UTF-8"?>

<window>
    <backgroundcolor>ffffffff</backgroundcolor>
	<defaultcontrol always="true">300</defaultcontrol>
    <onunload>ClearProperty(netflixmenu, Home)</onunload>
    <onunload>ClearProperty(powermenu, Home)</onunload>
    <onload>Dialog.Close(busydialog)</onload>
	<controls>
	
	 <!--Global Background-->
        <include>GlobalBackground</include>
		
		
		<!-- Now playing -->
		<include condition="!Skin.HasTheme(classic)">NowPlayingModern</include>
		 
        <!--Header-->
        <include>Header</include>
 		<include condition="!skin.hassetting(nofooterbar)">Footer</include>
		
		<!--header label-->
		<control type="label" id="500"> 
			<left>20</left>
			<width>460</width>
			<label>-</label>
			<textcolor>black</textcolor>
			<font>Reg26</font>
			<scroll>false</scroll>
			<visible>false</visible>
		</control>
		
		<control type="group">
			<visible>!Window.IsActive(ShutdownMenu) + !Window.IsActive(contextmenu) + !Window.IsActive(filebrowser) + !Window.IsActive(virtualkeyboard) + !Window.IsVisible(selectdialog)</visible>
			<include>animation_window_open_close</include>
			<width>1920</width>
			<bottom>125</bottom>
			<height>75%</height>
			
			<!--background panel -->
			<control type="image">
				<posx>50</posx>
				<posy>0</posy>
				<width>1820</width>
				<texture border="15">diffuse/bgpanel.png</texture>
				<colordiffuse>$INFO[Skin.String(GeneralPanelsColor)]</colordiffuse>
			</control>
			
			<!-- left panel -->
			<control type="group" id="200">
				<control type="image">
					<posx>70</posx>
					<posy>20</posy>
					<width>620</width>
					<height>770</height>
					<texture border="15">diffuse/bgpanel.png</texture>
					<colordiffuse>$INFO[Skin.String(GeneralPanelsColor)]</colordiffuse>
				</control>
				<control type="list" id="211"> <!--Current shortcuts -->
					<left>80</left>
					<top>30</top>
					<width>600</width>
					<height>750</height>
					<onright condition="IsEmpty(Window.Property(widgetcontrols))">300</onright>
                    <onright condition="!IsEmpty(Window.Property(widgetcontrols))">9000</onright>
					<orientation>vertical</orientation>
					<viewtype label="535">list</viewtype>
					<preloaditems>2</preloaditems>
					<pagecontrol>260</pagecontrol>
					<scrolltime>0</scrolltime>
					<selectedcolor>FF00b8ff</selectedcolor>
					<itemlayout width="600" height="65">
						<control type="label"> <!--label-->
							<left>20</left>
							<width>460</width>
							<label>$INFO[ListItem.Label]</label>
							<font>Reg26</font>
							<scroll>false</scroll>
							<textcolor>$INFO[Skin.String(GeneralTextColor)]</textcolor>
							<selectedcolor>FF00b8ff</selectedcolor>
						</control>
					</itemlayout>				
					<focusedlayout width="600" height="65">
						
						<control type="image"> <!--focus bg-->
							<left>0</left>
							<top>0</top>
							<width>600</width>
							<height>60</height>
							<texture diffuse="diffuse/panel.png" border="5" colordiffuse="$INFO[Skin.String(ButtonFocusColor)]">colors/color_white.png</texture>
							<animation effect="fade" start="100" end="35" time="100" condition="!Control.HasFocus(211)">Conditional</animation>
						</control>

						<control type="label"> <!--label-->
							<left>20</left>
							<width>460</width>
							<label>$INFO[ListItem.Label]</label>
							<textcolor>$INFO[Skin.String(ButtonFocusTextColor)]</textcolor>
							<font>Reg26</font>
							<scroll>false</scroll>
						</control>

					</focusedlayout>
					
				</control>
				
				<!-- right panel -->
				<control type="image">
					<right>70</right>
					<posy>20</posy>
					<width>540</width>
					<height>770</height>
					<texture border="15">diffuse/bgpanel.png</texture>
					<colordiffuse>$INFO[Skin.String(GeneralPanelsColor)]</colordiffuse>
				</control>
				
				<control type="grouplist">
						<right>100</right>
						<width>500</width>
						<posy>20</posy>
				
					<!--icon label-->
					<control type="label">
						<label>[B]$LOCALIZE[21371]:[/B]</label>
						<font>Reg26</font>
						<scroll>false</scroll>
						<height>50</height>
					</control>
					<!-- icon -->
					<control type="image">
						<height>220</height>
                        <width>500</width>
						<aspectratio>keep</aspectratio>
						<texture>$INFO[Container(211).ListItem.Icon]</texture>
					</control>
					
					<!--blank label-->
					<control type="label">
						<label></label>
						<font>Reg26</font>
						<scroll>false</scroll>
						<height>30</height>
					</control>
                    <!--spotlight widget label for enhanced-->
					<control type="button">
                        <textoffsetx>0</textoffsetx>
                        <font>Reg22</font>
                        <textwidth>350</textwidth>
                        <align>left</align>
                        <width>500</width>
                        
                        <disabledcolor>$INFO[Skin.String(GeneralTextColor)]</disabledcolor>
                        <textcolor>$INFO[Skin.String(GeneralTextColor)]</textcolor>
                        <texturenofocus>-</texturenofocus>
                        <label>[B]$LOCALIZE[31185] $LOCALIZE[31499]:[/B]</label>
                        <label2 fallback="231">$INFO[Container(211).Listitem.Property(widgetName.99)]</label2>
                        <enable>false</enable>
                        <visible>Skin.String(HomeLayout, enhanced)</visible>
                        <visible>StringCompare(Window.Property(groupname),mainmenu)</visible>
					</control>
					
					<!--widget1 label-->
					<control type="button">
                        <textoffsetx>0</textoffsetx>
                        <font>Reg22</font>
                        <textwidth>350</textwidth>
                        <align>left</align>
                        <width>500</width>
                        
                        <disabledcolor>$INFO[Skin.String(GeneralTextColor)]</disabledcolor>
                        <textcolor>$INFO[Skin.String(GeneralTextColor)]</textcolor>
                        <texturenofocus>-</texturenofocus>
                        <label>[B]$LOCALIZE[31499] 1:[/B]</label>
                        <label2 fallback="231">$INFO[Container(211).Listitem.Property(widgetName)]</label2>
                        <enable>false</enable>
                        <visible>StringCompare(Window.Property(groupname),mainmenu)</visible>
                        <visible>!Skin.HasSetting(DisableAllWidgets) + !Skin.String(HomeLayout, netflix) + !Skin.String(HomeLayout, 3)</visible>
					</control>
					
					<!--widget2 label-->
					<control type="button">
                        <textoffsetx>0</textoffsetx>
                        <font>Reg22</font>
                        <textwidth>350</textwidth>
                        <align>left</align>
                        <width>500</width>
                        
                        <disabledcolor>$INFO[Skin.String(GeneralTextColor)]</disabledcolor>
                        <textcolor>$INFO[Skin.String(GeneralTextColor)]</textcolor>
                        <texturenofocus>-</texturenofocus>
                        <label>[B]$LOCALIZE[31499] 2:[/B]</label>
                        <label2 fallback="231">$INFO[Container(211).Listitem.Property(widgetName.1)]</label2>
                        <enable>false</enable>
                        <visible>StringCompare(Window.Property(groupname),mainmenu)</visible>
                        <visible>!Skin.HasSetting(DisableAllWidgets) + !Skin.String(HomeLayout, netflix) + !Skin.String(HomeLayout, 3)</visible>
					</control>
					
					<!--widget3 label-->
					<control type="button">
                        <textoffsetx>0</textoffsetx>
                        <font>Reg22</font>
                        <textwidth>350</textwidth>
                        <align>left</align>
                        <width>500</width>
                        
                        <disabledcolor>$INFO[Skin.String(GeneralTextColor)]</disabledcolor>
                        <textcolor>$INFO[Skin.String(GeneralTextColor)]</textcolor>
                        <texturenofocus>-</texturenofocus>
                        <label>[B]$LOCALIZE[31499] 3:[/B]</label>
                        <label2 fallback="231">$INFO[Container(211).Listitem.Property(widgetName.2)]</label2>
                        <enable>false</enable>
                        <visible>StringCompare(Window.Property(groupname),mainmenu)</visible>
                        <visible>!Skin.HasSetting(DisableAllWidgets) + !Skin.String(HomeLayout, netflix) + !Skin.String(HomeLayout, 3)</visible>
					</control>
                    <!--widget4 label-->
					<control type="button">
                        <textoffsetx>0</textoffsetx>
                        <font>Reg22</font>
                        <textwidth>350</textwidth>
                        <align>left</align>
                        <width>500</width>
                        
                        <disabledcolor>$INFO[Skin.String(GeneralTextColor)]</disabledcolor>
                        <textcolor>$INFO[Skin.String(GeneralTextColor)]</textcolor>
                        <texturenofocus>-</texturenofocus>
                        <label>[B]$LOCALIZE[31499] 4:[/B]</label>
                        <label2 fallback="231">$INFO[Container(211).Listitem.Property(widgetName.3)]</label2>
                        <enable>false</enable>
                        <visible>StringCompare(Window.Property(groupname),mainmenu)</visible>
                        <visible>!Skin.HasSetting(DisableAllWidgets) + !Skin.String(HomeLayout, netflix) + !Skin.String(HomeLayout, 3)</visible>
					</control>
					
					<!--blank label-->
					<control type="label">
						<label></label>
						<font>Reg26</font>
						<scroll>false</scroll>
						<height>25</height>
                        <visible>!Skin.String(HomeLayout, enhanced)</visible>
					</control>
					
					<!--action-->
                    <control type="button">
                        <textoffsetx>0</textoffsetx>
                        <font>Reg22</font>
                        <textwidth>350</textwidth>
                        <align>left</align>
                        <width>500</width>
                        
                        <disabledcolor>$INFO[Skin.String(GeneralTextColor)]</disabledcolor>
                        <textcolor>$INFO[Skin.String(GeneralTextColor)]</textcolor>
                        <texturenofocus>-</texturenofocus>
                        <label>[B]$LOCALIZE[31501]:[/B]</label>
                        <label2 fallback="231">$INFO[Container(211).Listitem.Property(translatedPath)]</label2>
                        <enable>false</enable>
                        <wrapmultiline>true</wrapmultiline>
					</control>

					
					<!--blank label-->
					<control type="label">
						<label></label>
						<font>Reg26</font>
						<scroll>false</scroll>
						<height>25</height>
                        <visible>!Skin.String(HomeLayout, enhanced)</visible>
					</control>

					
					<!--background-->
                    <control type="button">
                        <textoffsetx>0</textoffsetx>
                        <font>Reg22</font>
                        <textwidth>350</textwidth>
                        <align>left</align>
                        <width>500</width>
                        
                        <disabledcolor>$INFO[Skin.String(GeneralTextColor)]</disabledcolor>
                        <textcolor>$INFO[Skin.String(GeneralTextColor)]</textcolor>
                        <texturenofocus>-</texturenofocus>
                        <label>[B]$LOCALIZE[19190]:[/B]</label>
                        <label2 fallback="231">$INFO[Container(211).Listitem.Property(backgroundName)]</label2>
                        <enable>false</enable>
                        <visible>Skin.HasSetting(UseSectionBackground)</visible>
					</control>
				
				</control>
				
				<!--fake list -->
				<control type="list" id="111"> 
					<visible>false</visible>
					<orientation>vertical</orientation>
					<selectedcolor>FF00b8ff</selectedcolor>
					<itemlayout width="1000" height="65">
					</itemlayout>
					<focusedlayout width="1000" height="65">			
					</focusedlayout>
				</control>
				
				<control type="group">
					
					<control type="scrollbar" id="260"> <!--scrollbar-->
						<left>700</left>
						<top>20</top>
						<height>770</height>
						<onleft>211</onleft>
						<onright>211</onright>
						<showonepage>false</showonepage>
						<animation effect="slide" end="-15" time="0" condition="skin.hastheme(classic)">Conditional</animation>
						<animation effect="fade" start="0" end="100" time="400" condition="Skin.HasSetting(EnableTouchSupport) | Container.Scrolling | Skin.HasSetting(alwaysShowScrollbars)">Conditional</animation>
						<animation effect="fade" start="100" end="0" time="400" condition="![Skin.HasSetting(EnableTouchSupport) | Container.Scrolling | Skin.HasSetting(alwaysShowScrollbars)]">Conditional</animation>
					</control>				
				</control>
				
			</control>


			<!-- menu controls -->
			<control type="grouplist" id="300">
				<left>745</left>
				<top>20</top>
				<width>500</width>
				<height>770</height>
				<itemgap>5</itemgap>
				<orientation>vertical</orientation>
				<onleft>211</onleft>
				<scrolltime>0</scrolltime>
                <pagecontrol>270</pagecontrol>
                <visible>IsEmpty(Window.Property(widgetcontrols))</visible>
				<control type="button" id="301"> <!--new shortcut-->
					<width>500</width>
					<align>center</align>
					<label>$ADDON[script.skinshortcuts 32000]</label>
					<visible>false</visible>
				</control>
				
				<control type="button" id="1301"> <!--new shortcut workaround-->
					<width>500</width>
					<align>center</align>
					<onclick>XBMC.RunScript(script.skin.helper.service,action=ADDSHORTCUT)</onclick>
					<label>$ADDON[script.skinshortcuts 32000]</label>
					<visible>!IntegerGreaterThan(Container(200).NumItems,34)</visible>
				</control>
				
				<control type="button" id="401"> <!--change shortcut-->
					<width>500</width>
					<align>center</align>
					<onclick>noop</onclick>
					<visible>true</visible>
					<label>31175</label>
				</control>
				
				<control type="label" id="101"><!--shortcut type label-->
					<width>500</width>
					<align>center</align>
					<visible>false</visible>
				</control>				
				
				<control type="button" id="302"> <!--delete shortcut-->
					<width>500</width>
					<align>center</align>
					<onclick>noop</onclick>
					<label>$ADDON[script.skinshortcuts 32001]</label>
				</control>

				<control type="button" id="303"> <!--move up-->
					<width>500</width>
					<align>center</align>
					<onclick>noop</onclick>
					<label>$ADDON[script.skinshortcuts 32002]</label>
				</control>
				
				<control type="button" id="304"> <!--move down-->
					<width>500</width>
					<align>center</align>
					<onclick>noop</onclick>
					<label>$ADDON[script.skinshortcuts 32003]</label>
				</control>

				<control type="button" id="305"> <!--edit label-->
					<width>500</width>
					<align>center</align>
					<onclick>SetProperty(shortcutDialog, label, Home)</onclick>
					<label>$ADDON[script.skinshortcuts 32025]</label>
				</control>
				
				<!--edit thumbnail -->
				<control type="button" id="311"> 
					<width>500</width>
					<align>center</align>
                    <label>$ADDON[script.skinshortcuts 32026]</label>
				</control>
                <!--set widget advanced-->
                <control type="button" id="1312"> 
					<width>500</width>
					<align>center</align>
                    <onclick>SetProperty(widgetcontrols,show)</onclick>
                    <onclick>SetFocus(9000,1)</onclick>
					<label>31564</label>
                    <visible>StringCompare(Window.Property(groupname),mainmenu)</visible>
                    <visible>!Skin.HasSetting(DisableAllWidgets) + !Skin.String(HomeLayout, netflix) + !Skin.String(HomeLayout, 3)</visible>
				</control>
     				<control type="button" id="310"> <!--background-->
					<width>500</width>
					<align>center</align>
					<label>$ADDON[script.skinshortcuts 32045]</label>
					<onclick>SetProperty(shortcutDialog, background, Home)</onclick>
					<visible>Skin.HasSetting(UseSectionBackground) + !StringCompare(Window.Property(groupname),powermenu)</visible>
				</control>

				<control type="button" id="405"> <!--sub menu-->
					<width>500</width>
					<align>center</align>
					<onclick>noop</onclick>
					<label>$ADDON[script.skinshortcuts 32072]</label>
					<visible>StringCompare(Window.Property(groupname),mainmenu)</visible>
					<visible>!Skin.HasSetting(DisableAllSubmenus) + !Skin.String(HomeLayout, netflix)</visible>
				</control>
                
                <!-- disable label -->
				<control type="radiobutton" id="1404"> 
					<width>500</width>
					<label>31202</label>
					<align>center</align>
					<onclick condition="!StringCompare(Container(211).ListItem.Property(disableLabel), disable)">SetProperty(customProperty, disableLabel)</onclick>
					<onclick condition="!StringCompare(Container(211).ListItem.Property(disableLabel), disable)">SetProperty(customValue, disable)</onclick>
					<onclick condition="StringCompare(Container(211).ListItem.Property(disableLabel), disable)">SetProperty(customProperty, disableLabel)</onclick>
					<onclick condition="StringCompare(Container(211).ListItem.Property(disableLabel), disable)">SetProperty(customValue, "")</onclick>
					<onclick>SendClick(404)</onclick>
					<selected>StringCompare(Container(211).ListItem.Property(disableLabel), disable)</selected>
					<visible>!StringCompare(Window.Property(groupname),powermenu) + ![Skin.String(HomeLayout, simplever) | Skin.String(HomeLayout, verticalbig) | Skin.String(HomeLayout, simplehor)]</visible>
                </control>
				
				<control type="button" id="307"> <!--change action-->
					<width>500</width>
					<align>center</align>
					<label>$ADDON[script.skinshortcuts 32027]</label>
				</control>
                
                <!--change infoline-->
                <control type="button" id="31687"> 
					<width>500</width>
					<align>center</align>
					<label>31687</label>
                    <onclick>RunScript(script.skin.helper.service,action=setskinshortcutsproperty,header=$LOCALIZE[31687],property=infoline,setting=infoline)</onclick>
                    <visible>StringCompare(Window.Property(groupname),mainmenu)</visible>
					<visible>!Skin.String(HomeLayout, netflix)</visible>
				</control>

                <control type="button" id="306"> 
					<label>-</label>
					<visible>false</visible>
				</control>
				<control type="button" id="309"> 
					<label>-</label>
					<visible>false</visible>
				</control>
				
				<control type="button" id="308"> <!--reset-->
					<width>500</width>
					<align>center</align>
					<visible>StringCompare(Window.Property(groupname),mainmenu)</visible>
				</control>
				
				<!--hidden button for properties-->
				<control type="button" id="404"> 
					<width>500</width>
					<label>-</label>
					<align>center</align>
					<onclick>SetProperty(chooseProperty, true)</onclick>
					<visible>false</visible>
				</control>
				
                <!-- hidden button to set widget -->
                <control type="button" id="312">
					<visible>false</visible>
				</control>
                
                <!--submenu heading-->
                <control type="button" id="31773"> 
					<width>500</width>
					<label>31773</label>
					<align>center</align>
                    <onclick>RunScript(script.skin.helper.service,action=setskinshortcutsproperty,header=$LOCALIZE[31773],property=customsubmenuheader,setting=customsubmenuheader)</onclick>
                    <visible>StringCompare(Window.Property(groupname),mainmenu)</visible>
					<visible>Skin.String(HomeLayout, enhanced) | Skin.String(HomeLayout, win10) | Skin.String(SubmenuLayout, subpage)</visible>
                </control>
                
                <!--close button-->
				<control type="button" id="2404"> 
					<width>500</width>
					<label>$LOCALIZE[31308]</label>
					<align>center</align>
					<onclick>back</onclick>
				</control>

								
			</control>
            <control type="scrollbar" id="270"> <!--scrollbar-->
                <left>1260</left>
                <top>20</top>
                <height>770</height>
                <onleft>211</onleft>
                <onright>211</onright>
                <showonepage>false</showonepage>
                <visible>IsEmpty(Window.Property(widgetcontrols))</visible>
                <animation effect="slide" end="-15" time="0" condition="skin.hastheme(classic)">Conditional</animation>
                <animation effect="fade" start="0" end="100" time="400" condition="Skin.HasSetting(EnableTouchSupport) | Container.Scrolling | Skin.HasSetting(alwaysShowScrollbars)">Conditional</animation>
                <animation effect="fade" start="100" end="0" time="400" condition="![Skin.HasSetting(EnableTouchSupport) | Container.Scrolling | Skin.HasSetting(alwaysShowScrollbars)]">Conditional</animation>
            </control>				
            <!-- widget actions -->
			<control type="grouplist" id="9000">
				<left>745</left>
				<top>20</top>
				<width>500</width>
				<height>770</height>
				<itemgap>5</itemgap>
				<orientation>vertical</orientation>
                <onback>ClearProperty(widgetcontrols)</onback>
                <onright>ClearProperty(widgetcontrols)</onright>
                <onright>SetFocus(300)</onright>
				<onleft>211</onleft>
                <pagecontrol>280</pagecontrol>
				<scrolltime>0</scrolltime>
                <animation effect="slide" start="0" end="1200" time="0" condition="IsEmpty(Window.Property(widgetcontrols))">Conditional</animation>
                
                <!--widget rows-->
                <control type="button" id="31750">
					<width>500</width>
                    <height>45</height>
					<align>left</align>
					<label>$LOCALIZE[31750]:</label>
                    <font>Reg22</font>
                    <label2>$VAR[widgetrowslabel]</label2>
                    <textoffsetx>10</textoffsetx>
                    <onclick>RunScript(script.skin.helper.service,action=setskinshortcutsproperty,setting=WidgetRows,header=$LOCALIZE[31750],property=multiwidget)</onclick>
                    <visible>SubString(Skin.String(HomeLayout), ver)</visible>
				</control>
                
                <!-- square submenu -->
				<control type="radiobutton" id="31737"> 
					<width>500</width>
                    <height>45</height>
					<align>left</align>
					<label>31737</label>
					<font>Reg22</font>
                    <textoffsetx>10</textoffsetx>
                    <radiowidth>100</radiowidth>
                    <radioheight>65</radioheight>
                    <radioposx>415</radioposx>
					<onclick condition="!StringCompare(Container(211).ListItem.Property(squaresubmenu), enable)">SetProperty(customProperty, squaresubmenu)</onclick>
					<onclick condition="!StringCompare(Container(211).ListItem.Property(squaresubmenu), enable)">SetProperty(customValue, enable)</onclick>
					<onclick condition="StringCompare(Container(211).ListItem.Property(squaresubmenu), enable)">SetProperty(customProperty, squaresubmenu)</onclick>
					<onclick condition="StringCompare(Container(211).ListItem.Property(squaresubmenu), enable)">SetProperty(customValue, disable)</onclick>
					<onclick>SendClick(404)</onclick>
					<selected>StringCompare(Container(211).ListItem.Property(squaresubmenu), enable)</selected>
					<visible>SubString(Skin.String(HomeLayout), ver)</visible>
                </control>
                
                <!-- lower widgets -->
				<control type="radiobutton" id="31660"> 
					<width>500</width>
                    <height>45</height>
					<align>left</align>
					<label>31660</label>
					<font>Reg22</font>
                    <textoffsetx>10</textoffsetx>
                    <radiowidth>100</radiowidth>
                    <radioheight>65</radioheight>
                    <radioposx>415</radioposx>
					<onclick condition="!StringCompare(Container(211).ListItem.Property(lowerwidgets), enable)">SetProperty(customProperty, lowerwidgets)</onclick>
					<onclick condition="!StringCompare(Container(211).ListItem.Property(lowerwidgets), enable)">SetProperty(customValue, enable)</onclick>
					<onclick condition="StringCompare(Container(211).ListItem.Property(lowerwidgets), enable)">SetProperty(customProperty, lowerwidgets)</onclick>
					<onclick condition="StringCompare(Container(211).ListItem.Property(lowerwidgets), enable)">SetProperty(customValue, disable)</onclick>
					<onclick>SendClick(404)</onclick>
					<selected>StringCompare(Container(211).ListItem.Property(lowerwidgets), enable)</selected>
                    <visible>SubString(Container(211).ListItem.Property(multiwidget),single) | StringCompare(Container(211).ListItem.Property(multiwidget),multi) | IsEmpty(Container(211).ListItem.Property(multiwidget))</visible>
					<visible>SubString(Skin.String(HomeLayout), ver)</visible>
                </control>
                
                <!-- WIDGET 1 -->
                <control type="label" id="9001">
					<width>500</width>
					<align>left</align>
                    <height>40</height>
                    <font>Reg26</font>
					<label>[B]$LOCALIZE[31499] 1[/B]</label>
				</control>
                <control type="button" id="9002">
                    <!-- select widget -->
					<width>500</width>
                    <height>45</height>
					<align>left</align>
					<onclick>ClearProperty(widgetID)</onclick>
					<onclick>SendClick(312)</onclick>
                    <textoffsetx>10</textoffsetx>
                    <font>Reg22</font>
					<label>$ADDON[script.skinshortcuts 32044] >></label>
				</control>
                <control type="button" id="9003">
                    <!--widget style-->
					<width>500</width>
                    <height>45</height>
					<align>left</align>
					<label>$LOCALIZE[31507]:</label>
                    <font>Reg22</font>
                    <label2>$VAR[widgetstylelabel1]</label2>
                    <textoffsetx>10</textoffsetx>
                    <onclick>RunScript(script.skin.helper.service,action=setskinshortcutsproperty,setting=widgetstyle,header=$LOCALIZE[31507],property=widgetstyle)</onclick>
                    <visible>!Skin.String(HomeLayout, enhanced)</visible>
                    <visible>!IsEmpty(Container(211).ListItem.Property(widget))</visible>
				</control>
                <control type="button" id="9004">
                    <!--widget label-->
					<width>500</width>
                    <height>45</height>
					<align>left</align>
                    <font>Reg22</font>
					<label>$ADDON[script.skinshortcuts 32025]:</label>
                    <label2>$INFO[Container(211).ListItem.Property(widgetName)]</label2>
                    <textoffsetx>10</textoffsetx>
                    <onclick>RunScript(script.skin.helper.service,action=setskinshortcutsproperty,header=$ADDON[script.skinshortcuts 32025],property=widgetName)</onclick>
                    <visible>!IsEmpty(Container(211).ListItem.Property(widget))</visible>
                </control>
				<control type="button" id="9005"> 
                    <!-- show infopanel -->
					<width>500</width>
                    <height>45</height>
					<align>left</align>
                    <font>Reg22</font>
                    <textoffsetx>10</textoffsetx>
					<label>$LOCALIZE[31185]:</label>
                    <label2>$VAR[widgetinfopanellabel1]</label2>
					<onclick>RunScript(script.skin.helper.service,action=setskinshortcutsproperty,setting=widgetInfoPanel,header=$LOCALIZE[31185],property=widgetInfoPanel)</onclick>
					<visible>Skin.String(HomeLayout, win10)</visible>
                    <visible>!IsEmpty(Container(211).ListItem.Property(widget))</visible>
				</control>
                <control type="button" id="9006">
                    <!--widget tags-->
					<width>500</width>
                    <height>45</height>
					<align>left</align>
                    <font>Reg22</font>
					<label>$LOCALIZE[31675]:</label>
                    <label2>$INFO[Container(211).ListItem.Property(widgetTags)]</label2>
                    <textoffsetx>10</textoffsetx>
                    <onclick>RunScript(script.skin.helper.service,action=setskinshortcutsproperty,header=$LOCALIZE[31675],property=widgetTags,setting=Widgets_DisplayTags)</onclick>
                    <visible>!IsEmpty(Container(211).ListItem.Property(widget))</visible>
                    <visible>Skin.String(Widgets_DisplayTags,override)</visible>
                    <visible>!SubString(Container(211).ListItem.Property(widgetstyle),box) + ![IsEmpty(Container(211).ListItem.Property(widgetstyle)) + SubString(Skin.String(widgetstyle),box)]</visible>
                </control>
                <!-- widget force refresh -->
				<control type="radiobutton" id="9007"> 
					<width>500</width>
					<label>31717</label>
                    <font>Reg22</font>
					<align>left</align>
                    <textoffsetx>10</textoffsetx>
                    <radiowidth>100</radiowidth>
                    <radioheight>65</radioheight>
                    <radioposx>415</radioposx>
					<onclick condition="!StringCompare(Container(211).ListItem.Property(widgetForceRefresh), refresh)">SetProperty(customProperty, widgetForceRefresh)</onclick>
					<onclick condition="!StringCompare(Container(211).ListItem.Property(widgetForceRefresh), refresh)">SetProperty(customValue, refresh)</onclick>
					<onclick condition="StringCompare(Container(211).ListItem.Property(widgetForceRefresh), refresh)">SetProperty(customProperty, widgetForceRefresh)</onclick>
					<onclick condition="StringCompare(Container(211).ListItem.Property(widgetForceRefresh), refresh)">SetProperty(customValue, "")</onclick>
					<onclick>SendClick(404)</onclick>
					<selected>StringCompare(Container(211).ListItem.Property(widgetForceRefresh), refresh)</selected>
                    <visible>!IsEmpty(Container(211).ListItem.Property(widget))</visible>
					<visible>StringCompare(Container(211).ListItem.Property(widget), Addon) | SubString(Container(211).ListItem.Property(widgetPath), favourite) | SubString(Container(211).ListItem.Property(widgetPath), xsp)</visible>
                </control>
                <!-- widget auto rotate -->
				<control type="radiobutton" id="9008"> 
					<width>500</width>
					<label>31723</label>
                    <font>Reg22</font>
					<align>left</align>
                    <textoffsetx>10</textoffsetx>
                    <radiowidth>100</radiowidth>
                    <radioheight>65</radioheight>
                    <radioposx>415</radioposx>
					<onclick condition="!StringCompare(Container(211).ListItem.Property(widgetAutoRotate), enabled)">SetProperty(customProperty, widgetAutoRotate)</onclick>
					<onclick condition="!StringCompare(Container(211).ListItem.Property(widgetAutoRotate), enabled)">SetProperty(customValue, enabled)</onclick>
					<onclick condition="StringCompare(Container(211).ListItem.Property(widgetAutoRotate), enabled)">SetProperty(customProperty, widgetAutoRotate)</onclick>
					<onclick condition="StringCompare(Container(211).ListItem.Property(widgetAutoRotate), enabled)">SetProperty(customValue, "")</onclick>
					<onclick>SendClick(404)</onclick>
					<selected>StringCompare(Container(211).ListItem.Property(widgetAutoRotate), enabled)</selected>
					<visible>Skin.String(widgets_rotate,override)</visible>
                    <visible>!IsEmpty(Container(211).ListItem.Property(widget))</visible>
                </control>
                
                <!-- WIDGET 2 -->
                <control type="label" id="9010">
					<width>500</width>
					<align>left</align>
                    <height>40</height>
                    <font>Reg26</font>
					<label>[B]$LOCALIZE[31499] 2[/B]</label>
				</control>
                <control type="button" id="9011">
                    <!-- select widget -->
					<width>500</width>
                    <height>45</height>
					<align>left</align>
					<onclick>SetProperty(widgetID, 1)</onclick>
					<onclick>SendClick(312)</onclick>
                    <textoffsetx>10</textoffsetx>
                    <font>Reg22</font>
					<label>$ADDON[script.skinshortcuts 32044] >></label>
                    <enable>!IsEmpty(Container(211).ListItem.Property(widget))</enable>
				</control>
                <control type="button" id="9012">
                    <!--widget style-->
					<width>500</width>
                    <height>45</height>
					<align>left</align>
					<label>$LOCALIZE[31507]:</label>
                    <font>Reg22</font>
                    <label2>$VAR[widgetstylelabel2]</label2>
                    <textoffsetx>10</textoffsetx>
                    <onclick>RunScript(script.skin.helper.service,action=setskinshortcutsproperty,setting=widgetstyle,header=$LOCALIZE[31507],property=widgetstyle.1)</onclick>
                    <visible>!IsEmpty(Container(211).ListItem.Property(widget.1))</visible>
                    <enable>!IsEmpty(Container(211).ListItem.Property(widget))</enable>
                    <visible>!Skin.String(HomeLayout, enhanced)</visible>
				</control>
                <control type="button" id="9013">
                    <!--widget label-->
					<width>500</width>
                    <height>45</height>
					<align>left</align>
                    <font>Reg22</font>
					<label>$ADDON[script.skinshortcuts 32025]:</label>
                    <label2>$INFO[Container(211).ListItem.Property(widgetName.1)]</label2>
                    <textoffsetx>10</textoffsetx>
                    <onclick>RunScript(script.skin.helper.service,action=setskinshortcutsproperty,header=$ADDON[script.skinshortcuts 32025],property=widgetName.1)</onclick>
                    <visible>!IsEmpty(Container(211).ListItem.Property(widget.1))</visible>
                    <enable>!IsEmpty(Container(211).ListItem.Property(widget))</enable>
				</control>
                <!-- show infopanel -->
				<control type="button" id="9014"> 
					<width>500</width>
                    <height>45</height>
					<align>left</align>
                    <font>Reg22</font>
                    <textoffsetx>10</textoffsetx>
					<label>$LOCALIZE[31185]:</label>
                    <label2>$VAR[widgetinfopanellabel2]</label2>
					<onclick>RunScript(script.skin.helper.service,action=setskinshortcutsproperty,setting=widgetInfoPanel,header=$LOCALIZE[31185],property=widgetInfoPanel.1)</onclick>
					<visible>Skin.String(HomeLayout, win10)</visible>
                    <visible>!IsEmpty(Container(211).ListItem.Property(widget.1))</visible>
				</control>
                <control type="button" id="9015">
                    <!--widget tags-->
					<width>500</width>
                    <height>45</height>
					<align>left</align>
                    <font>Reg22</font>
					<label>$LOCALIZE[31675]:</label>
                    <label2>$INFO[Container(211).ListItem.Property(widgetTags.1)]</label2>
                    <textoffsetx>10</textoffsetx>
                    <onclick>RunScript(script.skin.helper.service,action=setskinshortcutsproperty,header=$LOCALIZE[31675],property=widgetTags.1,setting=Widgets_DisplayTags)</onclick>
                    <visible>!IsEmpty(Container(211).ListItem.Property(widget.1))</visible>
                    <visible>Skin.String(Widgets_DisplayTags,override)</visible>
                    <visible>!SubString(Container(211).ListItem.Property(widgetstyle.1),box) + ![IsEmpty(Container(211).ListItem.Property(widgetstyle.1)) + SubString(Skin.String(widgetstyle),box)]</visible>
                </control>
                <!-- widget force refresh -->
				<control type="radiobutton" id="9016"> 
					<width>500</width>
					<label>31717</label>
                    <font>Reg22</font>
					<align>left</align>
                    <textoffsetx>10</textoffsetx>
                    <radiowidth>100</radiowidth>
                    <radioheight>65</radioheight>
                    <radioposx>415</radioposx>
					<onclick condition="!StringCompare(Container(211).ListItem.Property(widgetForceRefresh.1), refresh)">SetProperty(customProperty, widgetForceRefresh.1)</onclick>
					<onclick condition="!StringCompare(Container(211).ListItem.Property(widgetForceRefresh.1), refresh)">SetProperty(customValue, refresh)</onclick>
					<onclick condition="StringCompare(Container(211).ListItem.Property(widgetForceRefresh.1), refresh)">SetProperty(customProperty, widgetForceRefresh.1)</onclick>
					<onclick condition="StringCompare(Container(211).ListItem.Property(widgetForceRefresh.1), refresh)">SetProperty(customValue, "")</onclick>
					<onclick>SendClick(404)</onclick>
					<selected>StringCompare(Container(211).ListItem.Property(widgetForceRefresh.1), refresh)</selected>
                    <visible>!IsEmpty(Container(211).ListItem.Property(widget.1))</visible>
					<visible>StringCompare(Container(211).ListItem.Property(widget.1), Addon) | SubString(Container(211).ListItem.Property(widgetPath.1), favourite) | SubString(Container(211).ListItem.Property(widgetPath.1), xsp)</visible>
                </control>
                <!-- widget auto rotate -->
				<control type="radiobutton" id="9017"> 
					<width>500</width>
					<label>31723</label>
                    <font>Reg22</font>
					<align>left</align>
                    <textoffsetx>10</textoffsetx>
                    <radiowidth>100</radiowidth>
                    <radioheight>65</radioheight>
                    <radioposx>415</radioposx>
					<onclick condition="!StringCompare(Container(211).ListItem.Property(widgetAutoRotate.1), enabled)">SetProperty(customProperty, widgetAutoRotate.1)</onclick>
					<onclick condition="!StringCompare(Container(211).ListItem.Property(widgetAutoRotate.1), enabled)">SetProperty(customValue, enabled)</onclick>
					<onclick condition="StringCompare(Container(211).ListItem.Property(widgetAutoRotate.1), enabled)">SetProperty(customProperty, widgetAutoRotate.1)</onclick>
					<onclick condition="StringCompare(Container(211).ListItem.Property(widgetAutoRotate.1), enabled)">SetProperty(customValue, "")</onclick>
					<onclick>SendClick(404)</onclick>
					<selected>StringCompare(Container(211).ListItem.Property(widgetAutoRotate.1), enabled)</selected>
					<visible>Skin.String(widgets_rotate,override)</visible>
                    <visible>!IsEmpty(Container(211).ListItem.Property(widget.1))</visible>
                </control>
                
                <!-- WIDGET 3 -->
                <control type="label" id="9020">
					<width>500</width>
					<align>left</align>
                    <height>40</height>
                    <font>Reg26</font>
					<label>[B]$LOCALIZE[31499] 3[/B]</label>
				</control>
                <control type="button" id="9021">
                    <!-- select widget -->
					<width>500</width>
                    <height>45</height>
					<align>left</align>
					<onclick>SetProperty(widgetID, 2)</onclick>
					<onclick>SendClick(312)</onclick>
                    <textoffsetx>10</textoffsetx>
                    <font>Reg22</font>
					<label>$ADDON[script.skinshortcuts 32044] >></label>
                    <enable>!IsEmpty(Container(211).ListItem.Property(widget))</enable>
				</control>
                <control type="button" id="9022">
                    <!--widget style-->
					<width>500</width>
                    <height>45</height>
					<align>left</align>
					<label>$LOCALIZE[31507]:</label>
                    <font>Reg22</font>
                    <label2>$VAR[widgetstylelabel3]</label2>
                    <textoffsetx>10</textoffsetx>
                    <onclick>RunScript(script.skin.helper.service,action=setskinshortcutsproperty,setting=widgetstyle,header=$LOCALIZE[31507],property=widgetstyle.2)</onclick>
                    <visible>!IsEmpty(Container(211).ListItem.Property(widget.2))</visible>
                    <enable>!IsEmpty(Container(211).ListItem.Property(widget))</enable>
                    <visible>!Skin.String(HomeLayout, enhanced)</visible>
				</control>
                <control type="button" id="9023">
                    <!--widget label-->
					<width>500</width>
                    <height>45</height>
					<align>left</align>
                    <font>Reg22</font>
					<label>$ADDON[script.skinshortcuts 32025]:</label>
                    <label2>$INFO[Container(211).ListItem.Property(widgetName.2)]</label2>
                    <textoffsetx>10</textoffsetx>
                    <onclick>RunScript(script.skin.helper.service,action=setskinshortcutsproperty,header=$ADDON[script.skinshortcuts 32025],property=widgetName.2)</onclick>
                    <visible>!IsEmpty(Container(211).ListItem.Property(widget.2))</visible>
                    <enable>!IsEmpty(Container(211).ListItem.Property(widget))</enable>
				</control>
                <!-- show infopanel -->
				<control type="button" id="9024"> 
					<width>500</width>
                    <height>45</height>
					<align>left</align>
                    <font>Reg22</font>
                    <textoffsetx>10</textoffsetx>
					<label>$LOCALIZE[31185]:</label>
                    <label2>$VAR[widgetinfopanellabel3]</label2>
					<onclick>RunScript(script.skin.helper.service,action=setskinshortcutsproperty,setting=widgetInfoPanel,header=$LOCALIZE[31185],property=widgetInfoPanel.2)</onclick>
					<visible>Skin.String(HomeLayout, win10)</visible>
                    <visible>!IsEmpty(Container(211).ListItem.Property(widget.2))</visible>
				</control>
                <control type="button" id="9025">
                    <!--widget tags-->
					<width>500</width>
                    <height>45</height>
					<align>left</align>
                    <font>Reg22</font>
					<label>$LOCALIZE[31675]:</label>
                    <label2>$INFO[Container(211).ListItem.Property(widgetTags.2)]</label2>
                    <textoffsetx>10</textoffsetx>
                    <onclick>RunScript(script.skin.helper.service,action=setskinshortcutsproperty,header=$LOCALIZE[31675],property=widgetTags.2,setting=Widgets_DisplayTags)</onclick>
                    <visible>!IsEmpty(Container(211).ListItem.Property(widget.2))</visible>
                    <visible>Skin.String(Widgets_DisplayTags,override)</visible>
                    <visible>!SubString(Container(211).ListItem.Property(widgetstyle.2),box) + ![IsEmpty(Container(211).ListItem.Property(widgetstyle.2)) + SubString(Skin.String(widgetstyle),box)]</visible>
                </control>
                <!-- widget force refresh -->
				<control type="radiobutton" id="9026"> 
					<width>500</width>
					<label>31717</label>
                    <font>Reg22</font>
					<align>left</align>
                    <textoffsetx>10</textoffsetx>
                    <radiowidth>100</radiowidth>
                    <radioheight>65</radioheight>
                    <radioposx>415</radioposx>
					<onclick condition="!StringCompare(Container(211).ListItem.Property(widgetForceRefresh.2), refresh)">SetProperty(customProperty, widgetForceRefresh.2)</onclick>
					<onclick condition="!StringCompare(Container(211).ListItem.Property(widgetForceRefresh.2), refresh)">SetProperty(customValue, refresh)</onclick>
					<onclick condition="StringCompare(Container(211).ListItem.Property(widgetForceRefresh.2), refresh)">SetProperty(customProperty, widgetForceRefresh.2)</onclick>
					<onclick condition="StringCompare(Container(211).ListItem.Property(widgetForceRefresh.2), refresh)">SetProperty(customValue, "")</onclick>
					<onclick>SendClick(404)</onclick>
					<selected>StringCompare(Container(211).ListItem.Property(widgetForceRefresh.2), refresh)</selected>
                    <visible>!IsEmpty(Container(211).ListItem.Property(widget.2))</visible>
					<visible>StringCompare(Container(211).ListItem.Property(widget.2), Addon) | SubString(Container(211).ListItem.Property(widgetPath.2), favourite) | SubString(Container(211).ListItem.Property(widgetPath.2), xsp)</visible>
                </control>
                <!-- widget auto rotate -->
				<control type="radiobutton" id="9027"> 
					<width>500</width>
					<label>31723</label>
                    <font>Reg22</font>
					<align>left</align>
                    <textoffsetx>10</textoffsetx>
                    <radiowidth>100</radiowidth>
                    <radioheight>65</radioheight>
                    <radioposx>415</radioposx>
					<onclick condition="!StringCompare(Container(211).ListItem.Property(widgetAutoRotate.2), enabled)">SetProperty(customProperty, widgetAutoRotate.2)</onclick>
					<onclick condition="!StringCompare(Container(211).ListItem.Property(widgetAutoRotate.2), enabled)">SetProperty(customValue, enabled)</onclick>
					<onclick condition="StringCompare(Container(211).ListItem.Property(widgetAutoRotate.2), enabled)">SetProperty(customProperty, widgetAutoRotate.2)</onclick>
					<onclick condition="StringCompare(Container(211).ListItem.Property(widgetAutoRotate.2), enabled)">SetProperty(customValue, "")</onclick>
					<onclick>SendClick(404)</onclick>
					<selected>StringCompare(Container(211).ListItem.Property(widgetAutoRotate.2), enabled)</selected>
					<visible>Skin.String(widgets_rotate,override)</visible>
                    <visible>!IsEmpty(Container(211).ListItem.Property(widget.2))</visible>
                </control>
                
                <!-- WIDGET 4 -->
                <control type="label" id="9030">
					<width>500</width>
					<align>left</align>
                    <height>40</height>
                    <font>Reg26</font>
					<label>[B]$LOCALIZE[31499] 4[/B]</label>
				</control>
                <control type="button" id="9031">
                    <!-- select widget -->
					<width>500</width>
                    <height>45</height>
					<align>left</align>
					<onclick>SetProperty(widgetID, 3)</onclick>
					<onclick>SendClick(312)</onclick>
                    <textoffsetx>10</textoffsetx>
                    <font>Reg22</font>
					<label>$ADDON[script.skinshortcuts 32044] >></label>
                    <enable>!IsEmpty(Container(211).ListItem.Property(widget))</enable>
				</control>
                <control type="button" id="9032">
                    <!--widget style-->
					<width>500</width>
                    <height>45</height>
					<align>left</align>
					<label>$LOCALIZE[31507]:</label>
                    <font>Reg22</font>
                    <label2>$VAR[widgetstylelabel4]</label2>
                    <textoffsetx>10</textoffsetx>
                    <onclick>RunScript(script.skin.helper.service,action=setskinshortcutsproperty,setting=widgetstyle,header=$LOCALIZE[31507],property=widgetstyle.3)</onclick>
                    <visible>!IsEmpty(Container(211).ListItem.Property(widget.3))</visible>
                    <enable>!IsEmpty(Container(211).ListItem.Property(widget))</enable>
                    <visible>!Skin.String(HomeLayout, enhanced)</visible>
				</control>
                <control type="button" id="9033">
                    <!--widget label-->
					<width>500</width>
                    <height>45</height>
					<align>left</align>
                    <font>Reg22</font>
					<label>$ADDON[script.skinshortcuts 32025]:</label>
                    <label2>$INFO[Container(211).ListItem.Property(widgetName.3)]</label2>
                    <textoffsetx>10</textoffsetx>
                    <onclick>RunScript(script.skin.helper.service,action=setskinshortcutsproperty,header=$ADDON[script.skinshortcuts 32025],property=widgetName.3)</onclick>
                    <visible>!IsEmpty(Container(211).ListItem.Property(widget.3))</visible>
                    <enable>!IsEmpty(Container(211).ListItem.Property(widget))</enable>
				</control>
                <!-- show infopanel -->
				<control type="button" id="9034"> 
					<width>500</width>
                    <height>45</height>
					<align>left</align>
                    <font>Reg22</font>
                    <textoffsetx>10</textoffsetx>
					<label>$LOCALIZE[31185]:</label>
                    <label2>$VAR[widgetinfopanellabel4]</label2>
					<onclick>RunScript(script.skin.helper.service,action=setskinshortcutsproperty,setting=widgetInfoPanel,header=$LOCALIZE[31185],property=widgetInfoPanel.3)</onclick>
					<visible>Skin.String(HomeLayout, win10)</visible>
                    <visible>!IsEmpty(Container(211).ListItem.Property(widget.3))</visible>
				</control>
                <control type="button" id="9035">
                    <!--widget tags-->
					<width>500</width>
                    <height>45</height>
					<align>left</align>
                    <font>Reg22</font>
					<label>$LOCALIZE[31675]:</label>
                    <label2>$INFO[Container(211).ListItem.Property(widgetTags.3)]</label2>
                    <textoffsetx>10</textoffsetx>
                    <onclick>RunScript(script.skin.helper.service,action=setskinshortcutsproperty,header=$LOCALIZE[31675],property=widgetTags.3,setting=Widgets_DisplayTags)</onclick>
                    <visible>!IsEmpty(Container(211).ListItem.Property(widget.3))</visible>
                    <visible>Skin.String(Widgets_DisplayTags,override)</visible>
                    <visible>!SubString(Container(211).ListItem.Property(widgetstyle.3),box) + ![IsEmpty(Container(211).ListItem.Property(widgetstyle.3)) + SubString(Skin.String(widgetstyle),box)]</visible>
                </control>
                <!-- widget force refresh -->
				<control type="radiobutton" id="9036"> 
					<width>500</width>
					<label>31717</label>
                    <font>Reg22</font>
					<align>left</align>
                    <textoffsetx>10</textoffsetx>
                    <radiowidth>100</radiowidth>
                    <radioheight>65</radioheight>
                    <radioposx>415</radioposx>
					<onclick condition="!StringCompare(Container(211).ListItem.Property(widgetForceRefresh.3), refresh)">SetProperty(customProperty, widgetForceRefresh.3)</onclick>
					<onclick condition="!StringCompare(Container(211).ListItem.Property(widgetForceRefresh.3), refresh)">SetProperty(customValue, refresh)</onclick>
					<onclick condition="StringCompare(Container(211).ListItem.Property(widgetForceRefresh.3), refresh)">SetProperty(customProperty, widgetForceRefresh.3)</onclick>
					<onclick condition="StringCompare(Container(211).ListItem.Property(widgetForceRefresh.3), refresh)">SetProperty(customValue, "")</onclick>
					<onclick>SendClick(404)</onclick>
					<selected>StringCompare(Container(211).ListItem.Property(widgetForceRefresh.3), refresh)</selected>
                    <visible>!IsEmpty(Container(211).ListItem.Property(widget.3))</visible>
					<visible>StringCompare(Container(211).ListItem.Property(widget.3), Addon) | SubString(Container(211).ListItem.Property(widgetPath.3), favourite) | SubString(Container(211).ListItem.Property(widgetPath.3), xsp)</visible>
                </control>
                <!-- widget auto rotate -->
				<control type="radiobutton" id="9037"> 
					<width>500</width>
					<label>31723</label>
                    <font>Reg22</font>
					<align>left</align>
                    <textoffsetx>10</textoffsetx>
                    <radiowidth>100</radiowidth>
                    <radioheight>65</radioheight>
                    <radioposx>415</radioposx>
					<onclick condition="!StringCompare(Container(211).ListItem.Property(widgetAutoRotate.3), enabled)">SetProperty(customProperty, widgetAutoRotate.3)</onclick>
					<onclick condition="!StringCompare(Container(211).ListItem.Property(widgetAutoRotate.3), enabled)">SetProperty(customValue, enabled)</onclick>
					<onclick condition="StringCompare(Container(211).ListItem.Property(widgetAutoRotate.3), enabled)">SetProperty(customProperty, widgetAutoRotate.3)</onclick>
					<onclick condition="StringCompare(Container(211).ListItem.Property(widgetAutoRotate.3), enabled)">SetProperty(customValue, "")</onclick>
					<onclick>SendClick(404)</onclick>
					<selected>StringCompare(Container(211).ListItem.Property(widgetAutoRotate.3), enabled)</selected>
					<visible>Skin.String(widgets_rotate,override)</visible>
                    <visible>!IsEmpty(Container(211).ListItem.Property(widget.3))</visible>
                </control>
                
                <!-- spotlight widget -->
                <control type="label" id="9040">
					<width>500</width>
					<align>left</align>
                    <height>40</height>
                    <font>Reg26</font>
					<label>[B]$LOCALIZE[31307][/B]</label>
                    <visible>Skin.String(HomeLayout, enhanced)</visible>
				</control>
                <control type="button" id="9041">
                    <!-- select widget -->
					<width>500</width>
                    <height>45</height>
					<align>left</align>
                    <textoffsetx>10</textoffsetx>
                    <font>Reg22</font>
					<label>$ADDON[script.skinshortcuts 32044] >></label>
                    <onclick>SetProperty(widgetID, 99)</onclick>
					<onclick>SendClick(312)</onclick>
                    <visible>Skin.String(HomeLayout, enhanced)</visible>
				</control>
                <control type="button" id="9042">
                    <!--widget label-->
					<width>500</width>
                    <height>45</height>
					<align>left</align>
                    <font>Reg22</font>
					<label>$ADDON[script.skinshortcuts 32025]:</label>
                    <label2>$INFO[Container(211).ListItem.Property(widgetName.99)]</label2>
                    <textoffsetx>10</textoffsetx>
                    <onclick>RunScript(script.skin.helper.service,action=setskinshortcutsproperty,header=$ADDON[script.skinshortcuts 32025],property=widgetName.99)</onclick>
                    <visible>!IsEmpty(Container(211).ListItem.Property(widget.99))</visible>
                    <visible>Skin.String(HomeLayout, enhanced)</visible>
				</control>
                <!-- widget force refresh -->
				<control type="radiobutton" id="9043"> 
					<width>500</width>
					<label>31717</label>
                    <font>Reg22</font>
					<align>left</align>
                    <textoffsetx>10</textoffsetx>
                    <radiowidth>100</radiowidth>
                    <radioheight>65</radioheight>
                    <radioposx>415</radioposx>
					<onclick condition="!StringCompare(Container(211).ListItem.Property(widgetForceRefresh.99), refresh)">SetProperty(customProperty, widgetForceRefresh.99)</onclick>
					<onclick condition="!StringCompare(Container(211).ListItem.Property(widgetForceRefresh.99), refresh)">SetProperty(customValue, refresh)</onclick>
					<onclick condition="StringCompare(Container(211).ListItem.Property(widgetForceRefresh.99), refresh)">SetProperty(customProperty, widgetForceRefresh.99)</onclick>
					<onclick condition="StringCompare(Container(211).ListItem.Property(widgetForceRefresh.99), refresh)">SetProperty(customValue, "")</onclick>
					<onclick>SendClick(404)</onclick>
                    <visible>!IsEmpty(Container(211).ListItem.Property(widget.99))</visible>
                    <visible>Skin.String(HomeLayout, enhanced)</visible>
					<selected>StringCompare(Container(211).ListItem.Property(widgetForceRefresh.99), refresh)</selected>
					<visible>StringCompare(Container(211).ListItem.Property(widget.99), Addon) | SubString(Container(211).ListItem.Property(widgetPath.99), favourite) | SubString(Container(211).ListItem.Property(widgetPath.99), xsp)</visible>
                </control>
                <!-- widget auto rotate -->
				<control type="radiobutton" id="9044"> 
					<width>500</width>
					<label>31723</label>
                    <font>Reg22</font>
					<align>left</align>
                    <textoffsetx>10</textoffsetx>
                    <radiowidth>100</radiowidth>
                    <radioheight>65</radioheight>
                    <radioposx>415</radioposx>
					<onclick condition="!StringCompare(Container(211).ListItem.Property(widgetAutoRotate.99), enabled)">SetProperty(customProperty, widgetAutoRotate.99)</onclick>
					<onclick condition="!StringCompare(Container(211).ListItem.Property(widgetAutoRotate.99), enabled)">SetProperty(customValue, enabled)</onclick>
					<onclick condition="StringCompare(Container(211).ListItem.Property(widgetAutoRotate.99), enabled)">SetProperty(customProperty, widgetAutoRotate.99)</onclick>
					<onclick condition="StringCompare(Container(211).ListItem.Property(widgetAutoRotate.99), enabled)">SetProperty(customValue, "")</onclick>
					<onclick>SendClick(404)</onclick>
					<selected>StringCompare(Container(211).ListItem.Property(widgetAutoRotate.99), enabled)</selected>
					<visible>Skin.String(widgets_rotate,override)</visible>
                    <visible>!IsEmpty(Container(211).ListItem.Property(widget.99))</visible>
                    <visible>Skin.String(HomeLayout, enhanced)</visible>
                </control>
                <!-- back -->
                <control type="label" id="9060"> 
					<width>500</width>
					<align>center</align>
					<label></label>
                    <height>45</height>
				</control>
                <control type="button" id="9061"> 
					<width>500</width>
                    <height>45</height>
					<align>center</align>
                    <onclick>ClearProperty(widgetcontrols)</onclick>
                    <onclick>SetFocus(300)</onclick>
					<label>31654</label>
				</control>
                								
			</control>
            <control type="scrollbar" id="280"> <!--scrollbar-->
                <left>1260</left>
                <top>20</top>
                <height>770</height>
                <onleft>211</onleft>
                <onright>211</onright>
                <showonepage>false</showonepage>
                <visible>!IsEmpty(Window.Property(widgetcontrols))</visible>
                <animation effect="slide" end="-15" time="0" condition="skin.hastheme(classic)">Conditional</animation>
                <animation effect="fade" start="0" end="100" time="400" condition="Skin.HasSetting(EnableTouchSupport) | Container.Scrolling | Skin.HasSetting(alwaysShowScrollbars)">Conditional</animation>
                <animation effect="fade" start="100" end="0" time="400" condition="![Skin.HasSetting(EnableTouchSupport) | Container.Scrolling | Skin.HasSetting(alwaysShowScrollbars)]">Conditional</animation>
            </control>		
    
    </control>
	<!--Footer-->
        <include condition="!skin.hassetting(nofooterbar)">Footer</include>
		<!--Titan Version-->
        <include>TitanVersion</include>
		
	</controls>
	
</window>
