<?xml version="1.0" encoding="utf-8"?>
<!--Titan-->
<window type="dialog" id="1118">
    
    <onload>AlarmClock(setfocus,SetFocus(9005),00:01,silent)</onload>
    <onload>ClearProperty(AdditionalInfo)</onload>
	<onunload condition="!IsEmpty(Window(Home).Property(TrailerPlaying))">PlayerControl(Stop)</onunload>
	<onunload>ClearProperty(AdditionalInfo)</onunload>
	<onunload>ClearProperty(TrailerPlaying,Home)</onunload>
    <onunload>ClearProperty(filename_formatted,Home)</onunload>
    <controls>
    <include file="IncludesSubtitleVariables.xml" />
        <!--fake list used as container -->
		<!-- use Container(999).ListItem to get all info -->
		<!-- all normal listitem properties will be available -->
		<control type="list" id="999">
            <posx>630</posx>
            <posy>0</posy>
            <itemlayout />
            <focusedlayout />
		</control>
        
        <!-- fake button with actions -->
        <control type="button" id="9005">
            <visible allowhiddenfocus="true">false</visible>
            <onfocus>RunScript(script.skin.helper.service,action=GETFILENAME,output=filename_formatted)</onfocus>
            <onfocus condition="SubString(Skin.String(videoinfo_traileraction),auto) + !IsEmpty(Container(999).ListItem.Trailer) + !Player.HasMedia">PlayMedia($ESCINFO[Container(999).ListItem.Trailer],1)</onfocus>
            <onfocus condition="SubString(Skin.String(videoinfo_traileraction),auto) + IsEmpty(Container(999).ListItem.Trailer) + !Player.HasMedia + [StringCompare(Container(999).ListItem.Property(type),movie) | StringCompare(Container(999).ListItem.Property(type),tvshow)]">RunScript(script.skin.helper.service,action=searchyoutube,windowed=true,autoplay=true,title=$INFO[Container(999).ListItem.Title] Trailer,header=YouTube $LOCALIZE[20410])</onfocus>
            <onfocus condition="SubString(Skin.String(videoinfo_traileraction),auto) + !IsEmpty(Container(999).ListItem.Trailer) + !Player.HasMedia">SetProperty(TrailerPlaying,Playing,Home)</onfocus>
            <onfocus>SetFocus(9000)</onfocus>
        </control>
    
		<control type="group">
	
            <include>GlobalBackground</include>
            <!-- no include of now playing background here as it causes crashing -->
				
			<control type="group">
				<include>animation_window_open_close</include>
				
				<!-- Background Panel-->
				<control type="image">
					<posx>50</posx>
					<posy>210</posy>
					<width>1820</width>
					<height>67%</height>
					<texture border="15">diffuse/bgpanel.png</texture>
                    <visible>!Skin.HasSetting(DialogVideoInfoHidePanel)</visible>
					<colordiffuse>$VAR[ViewDetailsPanelColor]</colordiffuse>
				</control>
                
                <!-- clearlogo at top left-->
                <control type="image" id="887766">
                    <left>60</left>
                    <top>10</top>
                    <width>450</width>
                    <height>130</height>
                    <fadetime>600</fadetime>
                    <aspectratio align="left" aligny="center">keep</aspectratio>
                    <texture>$VAR[ListItemClearLogo]</texture>
                    <visible>!Window.IsActive(infodialog) + !Window.IsActive(extendedprogressdialog) + !Control.IsVisible(88888)</visible>
                    <visible>![StringCompare(Container(999).ListItem.Property(dbtype),album) | StringCompare(Container(999).ListItem.Property(dbtype),song)]</visible>
                    <visible>!IsEmpty(Control.GetLabel(887766))</visible>
                </control>
                
                <!-- clearlogo at top right for music-->
                <control type="image">
                    <right>60</right>
                    <top>10</top>
                    <width>450</width>
                    <height>130</height>
                    <fadetime>600</fadetime>
                    <aspectratio align="right" aligny="center">keep</aspectratio>
                    <texture>$VAR[ListItemClearLogo]</texture>
                    <visible>!Window.IsActive(infodialog) + !Window.IsActive(extendedprogressdialog) + !Control.IsVisible(88888)</visible>
                    <visible>[StringCompare(Container(999).ListItem.Property(dbtype),album) | StringCompare(Container(999).ListItem.Property(dbtype),song)]</visible>
                </control>
                
                <!-- Header -->
                <control type="group">
                    <visible>!Control.IsVisible(887766)</visible>
                    <visible>!Window.IsActive(infodialog) + !Window.IsActive(extendedprogressdialog) + !Control.IsVisible(88888)</visible>
                    <control type="label">
                        <posx>61</posx>
                        <posy>10</posy>
                        <width min="80" max="1400">auto</width>
                        <height>100</height>
                        <font>Bold45</font>
                        <align>left</align>
                        <textcolor>$INFO[Skin.String(HeaderTextColor)]</textcolor>
                        <label>$INFO[Container(999).ListItem.Title]</label>
                        <shadowcolor>$INFO[Skin.String(HeaderTextShadowColor)]</shadowcolor>
                    </control>
                    <control type="label">
                        <posy>85</posy>
                        <posx>61</posx>
                        <width min="0" max="1100">auto</width>
                        <height>50</height>
                        <label>$INFO[Container(999).ListItem.Tagline]</label>
                        <font>Reg30</font>
                        <textcolor>$INFO[Skin.String(HeaderTextColor)]</textcolor>
                        <shadowcolor>$INFO[Skin.String(HeaderTextShadowColor)]</shadowcolor>
                        <visible>![StringCompare(Container(999).ListItem.Property(dbtype),album) | StringCompare(Container(999).ListItem.Property(dbtype),song)]</visible>
                    </control>
                    <control type="label">
                        <posy>85</posy>
                        <posx>61</posx>
                        <width min="0" max="1100">auto</width>
                        <height>50</height>
                        <label>$INFO[Container(999).ListItem.Artist]</label>
                        <font>Reg30</font>
                        <textcolor>$INFO[Skin.String(HeaderTextColor)]</textcolor>
                        <shadowcolor>$INFO[Skin.String(HeaderTextShadowColor)]</shadowcolor>
                        <visible>[StringCompare(Container(999).ListItem.Property(dbtype),album) | StringCompare(Container(999).ListItem.Property(dbtype),song)]</visible>
                    </control>
                </control>

                <control type="image">
                    <!--studio logo -->
                    <right>60</right>
                    <width>450</width>
                    <height>160</height>
                    <posy>20</posy>
                    <aspectratio aligny="top" align="right">keep</aspectratio>
                    <include condition="!Skin.HasSetting(PreferColorStudioLogos) + !Skin.String(SkinHelper.StudioImagesPath)">videoInfoColorDiffuse</include>
                    <texture fallback="special://skin/extras/flags/studios/Unknown Studio.png">$VAR[studiologo]</texture>
                    <visible>IsEmpty(Window.Property(AdditionalInfo))</visible>
                </control>
                <control type="label">
                    <!-- additional info subtitle -->
                    <include>animation_fade_visible_hidden</include>
                    <right>61</right>
                    <posy>10</posy>
                    <width min="80" max="1400">auto</width>
                    <height>100</height>
                    <font>Bold45</font>
                    <align>right</align>
                    <textcolor>$INFO[Skin.String(HeaderTextColor)]</textcolor>
                    <label>$INFO[Window.Property(subtitle)]</label>
                    <shadowcolor>$INFO[Skin.String(HeaderTextShadowColor)]</shadowcolor>
                    <visible>!IsEmpty(Window.Property(AdditionalInfo))</visible>
                    <visible>![StringCompare(Container(999).ListItem.Property(dbtype),album) | StringCompare(Container(999).ListItem.Property(dbtype),song)]</visible>
                </control>
				
				<control type="group">
					<!--Info Stuff-->
					<control type="image">
						<posx>0</posx>
						<bottom>0</bottom>
						<width>100%</width>
						<height>110</height>
						<texture border="5">diffuse/panel.png</texture>
						<colordiffuse>$INFO[Skin.String(GeneralPanelsColor)]</colordiffuse>
					</control>
					
					<control type="scrollbar" id="60">
						<left>0</left>
						<width>100%</width>
						<bottom>0</bottom>
						<height>80</height>
						<onup>502</onup>
						<onleft>60</onleft>
						<onright>60</onright>
						<orientation>horizontal</orientation>
						<animation effect="fade" start="100" end="0" time="10" condition="true">Conditional</animation>
					</control>

					<!--Butons 9000-->			
					<control type="grouplist" id="9000">
						<posx>60</posx>
						<bottom>15</bottom>
						<width>1800</width>
						<height>60</height>
						<itemgap>15</itemgap>
						<onup condition="!IsEmpty(Window.Property(AdditionalInfo))">SetFocus(9001)</onup>
						<ondown>noop</ondown>
						<onleft>9000</onleft>
						<onright>9000</onright>
						<pagecontrol>60</pagecontrol>
						<orientation>horizontal</orientation>
						
						<include condition="Skin.HasSetting(EnableTouchSupport)">back_button</include>
                        <include condition="Skin.HasSetting(EnableTouchSupport)">home_button</include>
						
						<control type="button" id="5">
							<!--Play-->
							<label>208</label>
							<width>285</width>
							<height>60</height>
							<align>center</align>
							<textoffsetx>0</textoffsetx>
                            <visible>Skin.HasSetting(videoinfo_button_play)</visible>
						</control>
                        
                        <control type="button" id="244">
							<!--Go Fullscreen-->
							<label>244</label>
							<width>285</width>
							<height>60</height>
							<align>center</align>
							<textoffsetx>0</textoffsetx>
							<visible>Player.HasVideo</visible>
                            <onclick>Close</onclick>
                            <onclick>Close</onclick>
                            <onclick>ClearProperty(TrailerPlaying,Home)</onclick>
                            <onclick>FullScreen</onclick>
						</control>
						
						<control type="button" id="6">
							<!-- Local Trailer-->
							<width>285</width>
							<height>60</height>
							<align>center</align>
							<textoffsetx>0</textoffsetx>
							<label>20410</label>
                            <onclick condition="Skin.String(videoinfo_traileraction,fullscreen)">Close</onclick>
                            <onclick condition="Skin.String(videoinfo_traileraction,fullscreen)">Close</onclick>
                            <onclick condition="Skin.String(videoinfo_traileraction,fullscreen)">PlayMedia($ESCINFO[Container(999).ListItem.Trailer])</onclick>
                            <onclick condition="!Skin.String(videoinfo_traileraction,fullscreen)">PlayMedia($ESCINFO[Container(999).ListItem.Trailer],1)</onclick>
                            <onclick condition="!Skin.String(videoinfo_traileraction,fullscreen)">SetProperty(TrailerPlaying,Playing,Home)</onclick>
							<visible>Skin.HasSetting(videoinfo_button_trailer)</visible>
                            <visible>!IsEmpty(Container(999).ListItem.Trailer) + [StringCompare(Container(999).ListItem.Property(type),movie) | stringcompare(Container(999).ListItem.Property(ItemType),Movie)] + IsEmpty(Window(Home).Property(TrailerPlaying))</visible>
						</control>
                        
                        <control type="button" id="100">
							<!--Search Trailer on Youtube-->
							<width>285</width>
							<height>60</height>
							<align>center</align>
							<textoffsetx>0</textoffsetx>
							<label>YouTube $LOCALIZE[20410]</label>
							<onclick condition="System.HasAddon(plugin.video.youtube) + Skin.String(videoinfo_traileraction,fullscreen)">RunScript(script.skin.helper.service,action=searchyoutube,title=$INFO[Container(999).ListItem.Title] Trailer,header=YouTube $LOCALIZE[20410])</onclick>
                            <onclick condition="System.HasAddon(plugin.video.youtube) + !Skin.String(videoinfo_traileraction,fullscreen)">RunScript(script.skin.helper.service,action=searchyoutube,windowed=true,title=$INFO[Container(999).ListItem.Title] Trailer,header=YouTube $LOCALIZE[20410])</onclick>
                            <onclick condition="!System.HasAddon(plugin.video.youtube)">ActivateWindow(Videos,plugin://plugin.video.youtube)</onclick>
							<visible>IsEmpty(Window(Home).Property(TrailerPlaying))</visible>
							<visible>StringCompare(Container(999).ListItem.Property(type),movie) | stringcompare(Container(999).ListItem.Property(ItemType),Movie)</visible>
						</control>
                        <control type="button" id="114">
							<!--Cast Button-->
							<label>206</label>
							<width>285</width>
							<height>60</height>
							<align>center</align>
							<textoffsetx>0</textoffsetx>
							<onclick>SetProperty(AdditionalInfo, cast)</onclick>
                            <onclick>SetProperty(subtitle, $LOCALIZE[206])</onclick>
							<onclick>SetFocus(9001)</onclick>
                            <visible>IntegerGreaterThan(Container(998).NumItems,0)</visible>
							<visible>!StringCompare(Window.Property(AdditionalInfo),cast)</visible>
                            <visible>Skin.HasSetting(videoinfo_button_youtubetrailer)</visible>
						</control>
                        <control type="button" id="31622">
							<!--Similar Button-->
							<label>31622</label>
							<width>285</width>
							<height>60</height>
							<align>center</align>
							<textoffsetx>0</textoffsetx>
							<onclick>SetProperty(AdditionalInfo, similar)</onclick>
                            <onclick>SetProperty(subtitle, $LOCALIZE[31622])</onclick>
							<onclick>SetFocus(9001)</onclick>
                            <visible>IntegerGreaterThan(Container(997).NumItems,0)</visible>
							<visible>!StringCompare(Window.Property(AdditionalInfo),similar)</visible>
                            <visible>Skin.HasSetting(videoinfo_button_similar)</visible>
						</control>
                        <control type="button" id="207207">
							<!--Plot Button-->
							<label>207</label>
							<width>285</width>
							<height>60</height>
							<align>center</align>
							<textoffsetx>0</textoffsetx>
							<onclick>SetProperty(AdditionalInfo, plot)</onclick>
                            <onclick>SetProperty(subtitle, $LOCALIZE[207])</onclick>
                            <visible>!IsEmpty(ListItem.Plot)</visible>
							<visible>!StringCompare(Window.Property(AdditionalInfo),plot)</visible>
                            <visible>Skin.HasSetting(videoinfo_button_plot)</visible>
						</control>
						<control type="button" id="116">
							<!--Info Button-->
							<label>19033</label>
							<width>285</width>
							<height>60</height>
							<align>center</align>
							<textoffsetx>0</textoffsetx>
							<onclick>ClearProperty(AdditionalInfo)</onclick>
							<visible>!IsEmpty(Window.Property(AdditionalInfo))</visible>
						</control>
						<control type="button" id="115">
							<!--Extended Info Button-->
							<label>31269</label>
							<width>285</width>
							<height>60</height>
							<align>center</align>
							<textoffsetx>0</textoffsetx>
							<onclick condition="!System.HasAddon(script.extendedinfo)">RunPlugin(plugin://script.extendedinfo)</onclick>
							<onclick condition="System.HasAddon(script.extendedinfo) + StringCompare(Window(Home).Property(contenttype),movies)">RunScript(script.extendedinfo,info=extendedinfo,dbid=$INFO[Container(999).ListItem.Property(DBID)],name=$INFO[Container(999).ListItem.Title])</onclick>
                            <onclick condition="System.HasAddon(script.extendedinfo) + StringCompare(Window(Home).Property(contenttype),tvshows)">RunScript(script.extendedinfo,info=extendedtvinfo,dbid=$INFO[Container(999).ListItem.Property(DBID)],name=$INFO[Container(999).ListItem.Title])</onclick>
                            <onclick condition="System.HasAddon(script.extendedinfo) + StringCompare(Window(Home).Property(contenttype),seasons)">RunScript(script.extendedinfo,info=seasoninfo,tvshow=$INFO[Container(999).ListItem.TvShowTitle],season=$INFO[Container(999).ListItem.Season],silent=True)</onclick>
                            <onclick condition="System.HasAddon(script.extendedinfo) + StringCompare(Window(Home).Property(contenttype),episodes)">RunScript(script.extendedinfo,info=extendedepisodeinfo,dbid=$INFO[Container(999).ListItem.Property(DBID)],tvshow=$INFO[Container(999).ListItem.TvShowTitle],season=$INFO[Container(999).ListItem.Season],episode=$INFO[Container(999).ListItem.Episode],silent=True)</onclick>
                            <visible>Skin.HasSetting(videoinfo_button_extendedinfo)</visible>
                            <visible>StringCompare(Window(Home).Property(contenttype),movies) | StringCompare(Window(Home).Property(contenttype),tvshows) | StringCompare(Window(Home).Property(contenttype),seasons) | StringCompare(Window(Home).Property(contenttype),episodes)</visible>
                        </control>
                        <control type="radiobutton" id="9300">
							<!--discart-->
							<width>340</width>
							<height>60</height>
							<label>31200</label>
							<align>left</align>
							<textoffsetx>20</textoffsetx>
							<onclick>Skin.ToggleSetting(VideoInfo_ShowCDart)</onclick>
							<selected>Skin.HasSetting(VideoInfo_ShowCDart)</selected>
                            <visible>Skin.HasSetting(videoinfo_button_discart)</visible>
						</control>
                        <control type="radiobutton" id="3052">
                            <!--Hide panel behind moviedetails-->
                            <label>31155</label>
                            <width>530</width>
                            <textoffsetx>20</textoffsetx>
                            <align>left</align>
                            <onclick>Skin.ToggleSetting(DialogVideoInfoHidePanel)</onclick>
                            <selected>Skin.HasSetting(DialogVideoInfoHidePanel)</selected>
                            <visible>!Skin.HasSetting(KioskMode.Enabled)</visible>
                            <visible>Skin.HasSetting(videoinfo_button_panel)</visible>
                        </control>
					</control>
									
					<!--Arrow-->
						<control type="image">
							<animation effect="fade" start="100" end="50" tween="sine" easing="inout" time="800" pulse="true" reversible="false" condition="true">Conditional</animation>
							<left>1880</left>
							<bottom>20</bottom>
							<posy>50</posy>
							<width>20</width>
							<height>60</height>
							<aspectratio>keep</aspectratio>
							<texture>dialogs/videoinfo/arrow.png</texture>
							<visible>!Control.HasFocus(51)</visible>
							<colordiffuse>white</colordiffuse>
							<visible>Container(9000).HasNext</visible>
						</control>
						<control type="image">
							<animation effect="fade" start="100" end="50" tween="sine" easing="inout" time="800" pulse="true" reversible="false" condition="true">Conditional</animation>
							<left>35</left>
							<bottom>20</bottom>
							<posy>50</posy>
							<width>20</width>
							<height>60</height>
							<aspectratio>keep</aspectratio>
							<texture flipx="true">dialogs/videoinfo/arrow.png</texture>
							<visible>!Control.HasFocus(51)</visible>
							<colordiffuse>white</colordiffuse>
							<visible>Container(9000).HasPrevious</visible>
						</control>
						
					<control type="group">
						<visible>IsEmpty(Window.Property(AdditionalInfo))</visible>
						<include>animation_window_open_close</include>

						<!--Info-->
						<control type="grouplist">
							<posx>65</posx>
							<posy>230</posy>
							<width>1800</width>
							<height>700</height>
							<orientation>vertical</orientation>
							
							<control type="textbox">
								<posx>0</posx>
								<posy>0</posy>
								<width>1150</width>
								<height>215</height>
								<label>$VAR[SpecialVideoInfoPlot]</label>
								<textcolor>$INFO[Skin.String(ViewDetailsTextColor)]</textcolor>
								<shadowcolor>$INFO[Skin.String(ViewDetailsTextShadowColor)]</shadowcolor>
								<align>justify</align>
								<font>Reg26</font>
                                <visible>![!IsEmpty(Window(Home).Property(TrailerPlaying)) + SubString(Skin.String(videoinfo_traileraction),windowed)]</visible>
                                <visible>![StringCompare(Container(999).ListItem.Property(dbtype),album) | StringCompare(Container(999).ListItem.Property(dbtype),song)]</visible>
							</control>
                            <control type="textbox">
								<posx>0</posx>
								<posy>0</posy>
								<width>1790</width>
								<height>215</height>
								<label>$VAR[SpecialVideoInfoPlot]</label>
								<textcolor>$INFO[Skin.String(ViewDetailsTextColor)]</textcolor>
								<shadowcolor>$INFO[Skin.String(ViewDetailsTextShadowColor)]</shadowcolor>
								<align>justify</align>
								<font>Reg26</font>
                                <visible>!IsEmpty(Window(Home).Property(TrailerPlaying)) + SubString(Skin.String(videoinfo_traileraction),windowed)</visible>
                                <visible>![StringCompare(Container(999).ListItem.Property(dbtype),album) | StringCompare(Container(999).ListItem.Property(dbtype),song)]</visible>
							</control>
                            <control type="textbox">
								<posx>0</posx>
								<posy>0</posy>
								<width>1150</width>
								<height>505</height>
								<label>$VAR[SpecialVideoInfoPlot]</label>
								<textcolor>$INFO[Skin.String(ViewDetailsTextColor)]</textcolor>
								<shadowcolor>$INFO[Skin.String(ViewDetailsTextShadowColor)]</shadowcolor>
								<align>justify</align>
								<font>Reg26</font>
                                <visible>[StringCompare(Container(999).ListItem.Property(dbtype),album) | StringCompare(Container(999).ListItem.Property(dbtype),song)]</visible>
							</control>
							<control type="image">
								<width>1120</width>
								<height>1</height>
								<posy>10</posy>
								<texture>colors/color_white.png</texture>
                                <colordiffuse>$INFO[Skin.String(GeneralPanelsColor)]</colordiffuse>
							</control>
							<control type="image">
								<width>1150</width>
								<height>10</height>
								<posy>10</posy>
								<texture>colors/color_transparent.png</texture>
							</control>
							<control type="group">
								<!--Premiered or Year -->
								<width>950</width>
								<height>40</height>
								<visible>!IsEmpty(Container(999).ListItem.Premiered) | !IsEmpty(Container(999).ListItem.Year) | !IsEmpty(Container(999).ListItem.Duration)</visible>
								<control type="image">
									<posx>0</posx>
									<posy>3</posy>
									<width>49</width>
									<height>49</height>
                                    <colordiffuse>$INFO[Skin.String(ViewDetailsTextColor)]</colordiffuse>
									<texture>dialogs/videoinfo/premiered-icon.png</texture>
									<visible>!IsEmpty(Container(999).ListItem.Premiered) | !IsEmpty(Container(999).ListItem.Year)</visible>
								</control>
								<control type="label">
									<posx>60</posx>
									<posy>0</posy>
									<width>530</width>
									<font>Reg26</font>
									<align>left</align>
									<label>$INFO[Container(999).ListItem.Premiered]</label>
									<textcolor>$INFO[Skin.String(ViewDetailsTextColor)]</textcolor>
									<shadowcolor>$INFO[Skin.String(ViewDetailsTextShadowColor)]</shadowcolor>
									<scroll>false</scroll>
									<visible>!IsEmpty(Container(999).ListItem.Premiered)</visible>
								</control>
								<control type="label">
									<posx>60</posx>
									<posy>0</posy>
									<width>530</width>
									<font>Reg26</font>
									<align>left</align>
									<label>$INFO[Container(999).ListItem.Year]</label>
									<textcolor>$INFO[Skin.String(ViewDetailsTextColor)]</textcolor>
									<shadowcolor>$INFO[Skin.String(ViewDetailsTextShadowColor)]</shadowcolor>
									<scroll>false</scroll>
									<visible>!IsEmpty(Container(999).ListItem.Year) + IsEmpty(Container(999).ListItem.Premiered)</visible>
								</control>
								<control type="image">
									<posx>550</posx>
									<posy>3</posy>
									<width>49</width>
									<height>49</height>
                                    <colordiffuse>$INFO[Skin.String(ViewDetailsTextColor)]</colordiffuse>
									<texture>dialogs/videoinfo/time-icon.png</texture>
									<visible>!IsEmpty(Window(home).Property(SkinHelper.ListItemDuration))</visible>
								</control>
								<control type="label">
									<posx>610</posx>
									<posy>0</posy>
									<width>530</width>
									<font>Reg26</font>
									<align>left</align>
									<label>$INFO[Window(home).Property(SkinHelper.ListItemDuration)]</label>
									<textcolor>$INFO[Skin.String(ViewDetailsTextColor)]</textcolor>
									<shadowcolor>$INFO[Skin.String(ViewDetailsTextShadowColor)]</shadowcolor>
									<scroll>false</scroll>
								</control>
                                
                                <control type="image">
									<posx>0</posx>
									<posy>3</posy>
									<width>49</width>
									<height>49</height>
                                    <colordiffuse>$INFO[Skin.String(ViewDetailsTextColor)]</colordiffuse>
									<texture>dialogs/videoinfo/time-icon.png</texture>
									<visible>IsEmpty(Window(home).Property(SkinHelper.ListItemDuration)) + IsEmpty(Container(999).ListItem.Premiered) + IsEmpty(Container(999).ListItem.Year) + !IsEmpty(Container(999).ListItem.Duration)</visible>
								</control>
								<control type="label">
									<posx>60</posx>
									<posy>0</posy>
									<width>530</width>
									<font>Reg26</font>
									<align>left</align>
									<label>$INFO[Container(999).ListItem.Duration]</label>
									<textcolor>$INFO[Skin.String(ViewDetailsTextColor)]</textcolor>
									<shadowcolor>$INFO[Skin.String(ViewDetailsTextShadowColor)]</shadowcolor>
									<scroll>false</scroll>
									<visible>IsEmpty(Window(home).Property(SkinHelper.ListItemDuration)) + IsEmpty(Container(999).ListItem.Premiered) + IsEmpty(Container(999).ListItem.Year) + !IsEmpty(Container(999).ListItem.Duration)</visible>
								</control>
                                
                                
							</control>
							<control type="group">
								<!--Director and Writer -->
								<width>530</width>
								<height>40</height>
								<visible>!IsEmpty(Container(999).ListItem.Director) + !IsEmpty(Container(999).ListItem.Writer)</visible>
								<control type="image">
									<posx>0</posx>
									<posy>5</posy>
									<width>49</width>
									<height>49</height>
                                    <colordiffuse>$INFO[Skin.String(ViewDetailsTextColor)]</colordiffuse>
									<texture>dialogs/videoinfo/director-icon.png</texture>
									<visible>!IsEmpty(Container(999).ListItem.Director)</visible>
								</control>
								<control type="label">
									<posx>60</posx>
									<posy>0</posy>
									<width>500</width>
									<font>Reg26</font>
									<align>left</align>
									<label>$INFO[Container(999).ListItem.Director]</label>
									<textcolor>$INFO[Skin.String(ViewDetailsTextColor)]</textcolor>
									<shadowcolor>$INFO[Skin.String(ViewDetailsTextShadowColor)]</shadowcolor>
									<scroll>false</scroll>
									<visible>!IsEmpty(Container(999).ListItem.Director)</visible>
								</control>
								<control type="image">
									<posx>550</posx>
									<posy>2</posy>
									<width>49</width>
									<height>49</height>
                                    <colordiffuse>$INFO[Skin.String(ViewDetailsTextColor)]</colordiffuse>
									<texture>dialogs/videoinfo/writer-icon.png</texture>
									<visible>!IsEmpty(Container(999).ListItem.Writer)</visible>
								</control>
								<control type="label">
									<posx>610</posx>
									<posy>0</posy>
									<width>530</width>
									<font>Reg26</font>
									<align>left</align>
									<label>$INFO[Container(999).ListItem.Writer]</label>
									<textcolor>$INFO[Skin.String(ViewDetailsTextColor)]</textcolor>
									<shadowcolor>$INFO[Skin.String(ViewDetailsTextShadowColor)]</shadowcolor>
									<scroll>false</scroll>
									<visible>!IsEmpty(Container(999).ListItem.Writer)</visible>
								</control>
							</control>
							<control type="group">
								<!--Genre and studio-->
								<width>1150</width>
								<height>40</height>
								<visible>!IsEmpty(Container(999).ListItem.Genre)</visible>
								
								<control type="image">
									<posx>0</posx>
									<posy>5</posy>
									<width>49</width>
									<height>49</height>
                                    <colordiffuse>$INFO[Skin.String(ViewDetailsTextColor)]</colordiffuse>
									<texture>dialogs/videoinfo/genre-icon.png</texture>
									<visible>!IsEmpty(Container(999).ListItem.Genre)</visible>
								</control>
								<control type="label">
									<posx>60</posx>
									<posy>0</posy>
									<width>500</width>
									<font>Reg26</font>
									<align>left</align>
									<label>$INFO[Container(999).ListItem.Genre]</label>
									<textcolor>$INFO[Skin.String(ViewDetailsTextColor)]</textcolor>
									<shadowcolor>$INFO[Skin.String(ViewDetailsTextShadowColor)]</shadowcolor>
									<scroll>false</scroll>
									<visible>!IsEmpty(Container(999).ListItem.Genre)</visible>
								</control>
								<control type="image">
									<posx>550</posx>
									<posy>2</posy>
									<width>49</width>
									<height>49</height>
                                    <colordiffuse>$INFO[Skin.String(ViewDetailsTextColor)]</colordiffuse>
									<texture>dialogs/videoinfo/tvstudio-icon.png</texture>
									<visible>!IsEmpty(Container(999).ListItem.Studio)</visible>
								</control>
								<control type="label">
									<posx>610</posx>
									<posy>0</posy>
									<width>530</width>
									<font>Reg26</font>
									<align>left</align>
									<label>$INFO[Container(999).ListItem.Studio]</label>
									<textcolor>$INFO[Skin.String(ViewDetailsTextColor)]</textcolor>
									<shadowcolor>$INFO[Skin.String(ViewDetailsTextShadowColor)]</shadowcolor>
									<scroll>false</scroll>
									<visible>!IsEmpty(Container(999).ListItem.Studio)</visible>
								</control>
							</control>
							
                            <control type="group">
								<!--videocodec and audiocodec-->
								<width>1150</width>
								<height>40</height>
                                <visible>!IsEmpty(Window(home).Property(SkinHelper.ListItemAllAudioStreams)) | !IsEmpty(Container(999).VideoCodec)</visible>
								<control type="image">
									<posx>10</posx>
									<posy>15</posy>
									<width>30</width>
									<height>30</height>
                                    <colordiffuse>$INFO[Skin.String(ViewDetailsTextColor)]</colordiffuse>
									<texture>flags/video.png</texture>
								</control>
								<control type="label">
									<posx>60</posx>
									<posy>0</posy>
									<width>500</width>
									<font>Reg26</font>
									<align>left</align>
									<label>[UPPERCASE]$VAR[VideoFileTypeVar,, • ]$VAR[VideoCodecVar,, • ]$VAR[VideoAspectVar,, • ]$VAR[VideoResolutionVar][/UPPERCASE]</label>
									<textcolor>$INFO[Skin.String(ViewDetailsTextColor)]</textcolor>
									<shadowcolor>$INFO[Skin.String(ViewDetailsTextShadowColor)]</shadowcolor>
									<scroll>false</scroll>
								</control>
                         								<control type="image">
									<posx>560</posx>
									<posy>15</posy>
									<width>36</width>
									<height>36</height>
                                    <colordiffuse>$INFO[Skin.String(ViewDetailsTextColor)]</colordiffuse>
									<texture>flags/audio.png</texture>
								</control>
								<control type="label">
									<posx>610</posx>
									<posy>0</posy>
									<width>530</width>
									<font>Reg26</font>
									<align>left</align>
									<label>[UPPERCASE]$INFO[Window(home).Property(SkinHelper.ListItemAllAudioStreams)][/UPPERCASE]</label>
									<textcolor>$INFO[Skin.String(ViewDetailsTextColor)]</textcolor>
									<shadowcolor>$INFO[Skin.String(ViewDetailsTextShadowColor)]</shadowcolor>
									<scroll>false</scroll>
								</control>
							</control>
                            <control type="group">
								<!--MPAA RATING and SUBTITLES-->
								<width>1150</width>
								<height>40</height>
                <visible>!IsEmpty(Window(Home).Property(SkinHelper.ListItemSubtitles)) | !IsEmpty(Container(999).ListItem.mpaa) | !IsEmpty(Container(999).ListItem.Rating) | !IsEmpty(window.Property(skinsubtitlechecker.language.iso_639_2t))</visible>
								<control type="image">
									<posx>8</posx>
									<posy>15</posy>
									<width>36</width>
									<height>36</height>
                                    <colordiffuse>$INFO[Skin.String(ViewDetailsTextColor)]</colordiffuse>
									<texture>flags/subtitles.png</texture>
                                    <visible>!IsEmpty(Window(Home).Property(SkinHelper.ListItemSubtitles))</visible>
								</control>
								<control type="label">
									<posx>60</posx>
									<posy>0</posy>
									<width>500</width>
									<font>Reg26</font>
									<align>left</align>
									<label>[UPPERCASE]$INFO[Window(Home).Property(SkinHelper.ListItemSubtitles)][/UPPERCASE]</label>
									<textcolor>$INFO[Skin.String(ViewDetailsTextColor)]</textcolor>
									<shadowcolor>$INFO[Skin.String(ViewDetailsTextShadowColor)]</shadowcolor>
									<scroll>false</scroll>
								</control>
                <!--SUBTITLE CHECK-->
                <control type="image">
                  <posx>8</posx>
                  <posy>15</posy>
                  <width>36</width>
                  <height>36</height>
                  <colordiffuse>$INFO[Skin.String(ViewDetailsTextColor)]</colordiffuse>
                  <texture>$VAR[skinsubtitlechecker.available,flags/subtitles/,.png]</texture>
                  <visible>!IsEmpty(window.Property(skinsubtitlechecker.language.iso_639_2t))</visible>
                </control>
                <control type="label">
                  <posx>60</posx>
                  <posy>0</posy>
                  <width>500</width>
                  <font>Reg26</font>
                  <align>left</align>
                  <label>[UPPERCASE]$INFO[window.Property(skinsubtitlechecker.language.iso_639_2t)][/UPPERCASE]</label>
                  <textcolor>$INFO[Skin.String(ViewDetailsTextColor)]</textcolor>
                  <shadowcolor>$INFO[Skin.String(ViewDetailsTextShadowColor)]</shadowcolor>
                  <scroll>false</scroll>
                  <visible>!IsEmpty(window.Property(skinsubtitlechecker.language.iso_639_2t))</visible>
                </control>
                                <control type="image">
									<posx>560</posx>
									<posy>15</posy>
									<width>30</width>
									<height>30</height>
                                    <colordiffuse>$INFO[Skin.String(ViewDetailsTextColor)]</colordiffuse>
									<texture>flags/mpaa.png</texture>
                                    <visible>!IsEmpty(Container(999).ListItem.mpaa)</visible>
								</control>
								<control type="label">
									<posx>610</posx>
									<posy>0</posy>
									<width>530</width>
									<font>Reg26</font>
									<align>left</align>
									<label fallback="?">$VAR[RatingFlagVar]</label>
									<textcolor>$INFO[Skin.String(ViewDetailsTextColor)]</textcolor>
									<shadowcolor>$INFO[Skin.String(ViewDetailsTextShadowColor)]</shadowcolor>
									<scroll>false</scroll>
                                    <visible>!IsEmpty(Container(999).ListItem.mpaa)</visible>
								</control>
							</control>
							
                            <control type="group">
								<!--Ratings-->
								<width>1150</width>
								<height>40</height>
								<control type="image">
									<posx>8</posx>
									<posy>15</posy>
									<width>36</width>
									<height>36</height>
                                    <colordiffuse>$INFO[Skin.String(ViewDetailsTextColor)]</colordiffuse>
									<texture>flags/rating.png</texture>
                                    <visible>!IsEmpty(Container(999).ListItem.RatingAndVotes)</visible>
								</control>
								<control type="label">
									<posx>60</posx>
									<posy>0</posy>
									<width>500</width>
									<font>Reg26</font>
									<align>left</align>
									<label>IMDB Rating: $INFO[Container(999).ListItem.RatingAndVotes]</label>
									<textcolor>$INFO[Skin.String(ViewDetailsTextColor)]</textcolor>
									<shadowcolor>$INFO[Skin.String(ViewDetailsTextShadowColor)]</shadowcolor>
                                    <visible>!IsEmpty(Container(999).ListItem.RatingAndVotes)</visible>
									<scroll>false</scroll>
								</control>
								<control type="image">
									<posx>560</posx>
									<posy>15</posy>
									<width>30</width>
									<height>30</height>
                                    <colordiffuse>$INFO[Skin.String(ViewDetailsTextColor)]</colordiffuse>
									<texture>flags/tomato.png</texture>
                                    <visible>!IsEmpty(Window(Home).Property(SkinHelper.RottenTomatoesMeter))</visible>
								</control>
								<control type="label">
									<posx>610</posx>
									<posy>0</posy>
									<width>530</width>
									<font>Reg26</font>
									<align>left</align>
									<label>$INFO[Window(Home).Property(SkinHelper.RottenTomatoesMeter),$LOCALIZE[31608]: ,%]$INFO[Window(Home).Property(SkinHelper.RottenTomatoesAudienceMeter), $LOCALIZE[31609]: ,%]</label>
									<textcolor>$INFO[Skin.String(ViewDetailsTextColor)]</textcolor>
									<shadowcolor>$INFO[Skin.String(ViewDetailsTextShadowColor)]</shadowcolor>
									<scroll>false</scroll>
                                    <visible>!IsEmpty(Window(Home).Property(SkinHelper.RottenTomatoesMeter))</visible>
								</control>                       							
                            </control>
                            <control type="image">
								<width>1150</width>
								<height>10</height>
								<posy>10</posy>
								<texture>colors/color_transparent.png</texture>
							</control>
                           <control type="image">
								<width>1120</width>
								<height>1</height>
								<posy>10</posy>
								<texture>colors/color_white.png</texture>
                                <colordiffuse>$INFO[Skin.String(GeneralPanelsColor)]</colordiffuse>
							</control>
							<control type="image">
								<width>1150</width>
								<height>10</height>
								<posy>10</posy>
								<texture>colors/color_transparent.png</texture>
							</control>
                            <control type="group">
								<!--Rotten Tomatoes details-->
								<width>1800</width>
								<height>110</height>
                                <visible>!IsEmpty(Window(Home).Property(SkinHelper.RottenTomatoesConsensus))</visible>
								<control type="textbox">
									<posx>0</posx>
									<posy>15</posy>
									<width>1150</width>
									<font>Light26</font>
									<align>left</align>
									<label>[B]$LOCALIZE[31610]: [/B]$INFO[Window(Home).Property(SkinHelper.RottenTomatoesAwards)] [B]$LOCALIZE[31611]: [/B]$INFO[Window(Home).Property(SkinHelper.RottenTomatoesConsensus)]</label>
									<textcolor>$INFO[Skin.String(ViewDetailsTextColor)]</textcolor>
									<shadowcolor>$INFO[Skin.String(ViewDetailsTextShadowColor)]</shadowcolor>
									<scroll>false</scroll>
								</control>
                              
                            </control>
                            <control type="image">
								<width>1150</width>
								<height>15</height>
								<texture>colors/color_transparent.png</texture>
							</control>
							<control type="group">
								<!--Total: Episodes-->
								<width>1150</width>
								<height>40</height>
								<visible>!IsEmpty(Container(999).ListItem.Property(TotalEpisodes)) + IntegerGreaterThan(Container(999).ListItem.Property(TotalEpisodes),0)</visible>
								<control type="label">
									<posy>0</posy>
									<width>1150</width>
									<font>Reg26</font>
									<align>left</align>
									<label>$INFO[Container(999).ListItem.Property(TotalEpisodes),[B]$LOCALIZE[20360]:[/B] ,  •  ]$INFO[Container(999).ListItem.Property(unWatchedepisodes),[B]$LOCALIZE[31092]:[/B] ,]</label>
									<textcolor>$INFO[Skin.String(ViewDetailsTextColor)]</textcolor>
									<shadowcolor>$INFO[Skin.String(ViewDetailsTextShadowColor)]</shadowcolor>
									<scroll>false</scroll>
								</control>
							</control>
							<control type="group">
								<!--NextAired Status-->
								<width>1150</width>
								<height>40</height>
								<visible>!IsEmpty(Window(Home).Property(NextAired.LatestNumber))</visible>
								<control type="label">
									<posy>0</posy>
									<width>1150</width>
									<font>Reg26</font>
									<align>left</align>
									<label>[B]$LOCALIZE[31214]:[/B] $INFO[Window(Home).Property(NextAired.LatestNumber)] $INFO[Window(Home).Property(NextAired.LatestTitle)] ($INFO[Window(Home).Property(NextAired.LatestDate)])</label>
									<textcolor>$INFO[Skin.String(ViewDetailsTextColor)]</textcolor>
									<shadowcolor>$INFO[Skin.String(ViewDetailsTextShadowColor)]</shadowcolor>
									<scroll>false</scroll>
								</control>
							</control>
							<control type="group">
								<!--NextAired Status-->
								<width>1150</width>
								<height>40</height>
								<visible>!IsEmpty(Window(Home).Property(NextAired.NextNumber))</visible>
								<control type="label">
									<posy>0</posy>
									<width>1150</width>
									<font>Reg26</font>
									<align>left</align>
									<label>[B]$LOCALIZE[31212]:[/B] $INFO[Window(Home).Property(NextAired.NextNumber)] $INFO[Window(Home).Property(NextAired.NextTitle)] ($INFO[Window(Home).Property(NextAired.NextDate)])</label>
									<textcolor>$INFO[Skin.String(ViewDetailsTextColor)]</textcolor>
									<shadowcolor>$INFO[Skin.String(ViewDetailsTextShadowColor)]</shadowcolor>
									<scroll>false</scroll>
								</control>
							</control>

						</control>
                        
                        <!-- poster image video-->
                        <control type="group">
                            <visible>![StringCompare(Container(999).ListItem.Property(dbtype),album) | StringCompare(Container(999).ListItem.Property(dbtype),song)]</visible>
                            <visible>![Player.HasVideo + !IsEmpty(Window(Home).Property(TrailerPlaying)) + SubString(Skin.String(videoinfo_traileraction),windowed)]</visible>
                            <control type="image">
                                <!--cdart image-->
                                <right>240</right>
                                <posy>310</posy>
                                <width>500</width>
                                <height>500</height>
                                <texture background="true" diffuse="diffuse/cdmask_big.png">$VAR[SpecialVideoInfoDiscArtImage]</texture>
                                <aspectratio scalediffuse="false" align="center" aligny="center">scale</aspectratio>
                                <animation effect="fade" start="100" end="0" delay="0" time="150" pulse="false" condition="!Skin.HasSetting(VideoInfo_ShowCDart)">Conditional</animation>
                                <animation effect="rotate" end="-90" center="auto" time="600" loop="false" reversible="false" condition="!Skin.HasSetting(AnimateDiscArt)">Conditional</animation>
                                <animation effect="rotate" end="-360" center="auto" time="20000" delay="0" loop="true" reversible="false" condition="Skin.HasSetting(AnimateDiscArt)">Conditional</animation>
                            </control>
                            <control type="image">
                                <!--poster-->
                                <right>50</right>
                                <posy>210</posy>
                                <width>530</width>
                                <height>67%</height>
                                <aspectratio align="right" aligny="center" scalediffuse="true">keep</aspectratio>
                                <texture background="true" diffuse="diffuse/poster.png" border="5">$VAR[SpecialVideoInfoPosterImage]</texture>
                            </control>
                        </control>
                        
                        <!-- poster image audio-->
                        <control type="group">
                            <visible>[StringCompare(Container(999).ListItem.Property(dbtype),album) | StringCompare(Container(999).ListItem.Property(dbtype),song)]</visible>
                            <visible>![Player.HasVideo + !IsEmpty(Window(Home).Property(TrailerPlaying)) + SubString(Skin.String(videoinfo_traileraction),windowed)]</visible>
                            <control type="image" id="887755">
                                <!--cdart image-->
                                <right>100</right>
                                <posy>220</posy>
                                <width>500</width>
                                <height>500</height>
                                <texture background="true" diffuse="diffuse/cdmask_big.png">$VAR[SpecialVideoInfoDiscArtImage]</texture>
                                <aspectratio scalediffuse="false" align="center" aligny="center">scale</aspectratio>
                                <animation effect="fade" start="100" end="0" delay="0" time="150" pulse="false" condition="!Skin.HasSetting(VideoInfo_ShowCDart)">Conditional</animation>
                                <animation effect="rotate" end="-90" center="auto" time="600" loop="false" reversible="false" condition="!Skin.HasSetting(AnimateDiscArt)">Conditional</animation>
                                <animation effect="rotate" end="-360" center="auto" time="20000" delay="0" loop="true" reversible="false" condition="Skin.HasSetting(AnimateDiscArt)">Conditional</animation>
                                <visible>!IsEmpty(Control.GetLabel(887755)) + Skin.HasSetting(VideoInfo_ShowCDart)</visible>
                            </control>
                            <control type="image">
                                <right>90</right>
                                <posy>210</posy>
                                <width>530</width>
                                <height>65%</height>
                                <aspectratio align="right" aligny="bottom" scalediffuse="true">keep</aspectratio>
                                <texture background="true" diffuse="diffuse/poster.png" border="5">$VAR[SpecialVideoInfoPosterImage]</texture>
                                <visible>Control.IsVisible(887755)</visible>
                            </control>
                            <control type="image">
                                <right>90</right>
                                <posy>240</posy>
                                <width>530</width>
                                <height>65%</height>
                                <aspectratio align="right" aligny="top" scalediffuse="true">keep</aspectratio>
                                <texture background="true" diffuse="diffuse/poster.png" border="5">$VAR[SpecialVideoInfoPosterImage]</texture>
                                <visible>!Control.IsVisible(887755)</visible>
                            </control>
                        </control>
                        
                        <!-- trailers video preview -->
                        <control type="group">
                            <right>60</right>
                            <posy>415</posy>
                            <width>661</width>
                            <height>371</height>
                            <visible>Player.HasVideo + !IsEmpty(Window(Home).Property(TrailerPlaying)) + SubString(Skin.String(videoinfo_traileraction),windowed)</visible>
                            <control type="image">
                                <texture border="15">diffuse/bgpanel.png</texture>
                                <colordiffuse>black</colordiffuse>
                            </control>
                            <control type="videowindow">
                            </control>
                        </control>
                        
					</control>

					<!--filename-->
                    <control type="label">
                        <posx>65</posx>
                        <posy>880</posy>
                        <width>1150</width>
                        <font>Reg20</font>
                        <align>left</align>
                        <scroll>false</scroll>
                        <label>$VAR[VideoInfoFileName,[B]$LOCALIZE[21800]: [/B]]</label>
                        <textcolor>$INFO[Skin.String(ViewDetailsTextColor)]</textcolor>
                        <shadowcolor>$INFO[Skin.String(ViewDetailsTextShadowColor)]</shadowcolor>
                        <visible>!IsEmpty(Container(999).ListItem.FileNameAndPath)</visible>
                        <visible>!Skin.HasSetting(DialogVideoInfo_HideFileName)</visible>
                        <visible>IsEmpty(Window.Property(AdditionalInfo))</visible>
                    </control>
                    <control type="button" id="9001">
                        <!--Hidden Button-->
                        <onfocus condition="StringCompare(Window.Property(AdditionalInfo),cast)">SetFocus(998)</onfocus>
                        <onfocus condition="StringCompare(Window.Property(AdditionalInfo),similar)">SetFocus(997)</onfocus>
                        <onleft>noop</onleft>
                        <ondown>noop</ondown>
                        <onup>noop</onup>
                        <onclick>noop</onclick>
                        <font>-</font>
                        <label>-</label>
                        <textcolor>-</textcolor>
                        <focusedcolor>-</focusedcolor>
                        <disabledcolor>-</disabledcolor>
                        <texturefocus>-</texturefocus>
                        <texturenofocus>-</texturenofocus>
                    </control>
					
                    <!-- Large Plot -->
                    <control type="textbox">
                        <posx>65</posx>
                        <posy>230</posy>
                        <width>1790</width>
                        <height>60%</height>
                        <label>$INFO[ListItem.Plot]</label>
                        <textcolor>$INFO[Skin.String(ViewDetailsTextColor)]</textcolor>
                        <shadowcolor>$INFO[Skin.String(ViewDetailsTextShadowColor)]</shadowcolor>
                        <align>justify</align>
                        <font>Reg42</font>
                        <visible>StringCompare(Window.Property(AdditionalInfo),plot)</visible>
                    </control>
					
					<!--Cast List-->
					<control type="group">
						<visible allowhiddenfocus="true">StringCompare(Window.Property(AdditionalInfo),cast)</visible>
						<include>animation_window_open_close</include>
                                         <control type="panel" id="998">
                            <posx>63</posx>
							<posy>220</posy>
							<width>1200</width>
							<height>714</height>
							<onup>noop</onup>
							<ondown>9000</ondown>
							<onleft>ClearProperty(AdditionalInfo)</onleft>
							<onback>ClearProperty(AdditionalInfo)</onback>
							<onleft>SetFocus(9000)</onleft>
							<scrolltime>200</scrolltime>
							<orientation>vertical</orientation>
							<focusposition>0</focusposition>
                            <animation effect="fade" start="100" end="25" time="0" condition="Container(51).IsUpdating">Conditional</animation>
							<viewtype label="actor list">list</viewtype>
                            <!-- itemlayout movies -->
                            <itemlayout height="357" width="240">
                                <control type="group">
                                    <width>233</width>
                                    <height>342</height>
                                    <control type="image">
                                        <include>PosterThumbBG</include>
                                      </control>
                                      <control type="image">
                                        <texture border="1" diffuse="diffuse/poster.png" background="true" fallback="DefaultActor.png">$INFO[ListItem.Thumb]</texture>
                                        <aspectratio scalediffuse="true" aligny="top" align="center">scale</aspectratio>
                                        <bordersize>8</bordersize>
                                      </control>
                                  </control>
                            </itemlayout>
                            <focusedlayout height="357" width="240">
                                <control type="group">
                                    <width>233</width>
                                    <height>342</height>
                                    <control type="image">
                                        <include>PosterThumbFO</include>
                                      </control>
                                      <control type="image">
                                        <texture border="1" diffuse="diffuse/poster.png" background="true" fallback="DefaultActor.png">$INFO[ListItem.Thumb]</texture>
                                        <aspectratio scalediffuse="true" aligny="top" align="center">scale</aspectratio>
                                        <bordersize>8</bordersize>
                                      </control>
                                  </control>
                            </focusedlayout>
                        </control>
                        <!-- busy image while widget loading -->
                        <control type="multiimage">
                            <posy>520</posy>
                            <left>663</left>
                            <width>100</width>
                            <height>100</height>
                            <aspectratio>keep</aspectratio>
                            <imagepath>$INFO[Skin.String(SkinHelper.SpinnerTexturePath)]</imagepath>
                            <timeperimage>100</timeperimage>
                            <colordiffuse>$INFO[Skin.String(SpinnerTextureColor)]</colordiffuse>
                            <fadetime>0</fadetime>
                            <visible>!Skin.String(SkinHelper.SpinnerTexturePath,None)</visible>
                            <visible>Container(51).IsUpdating</visible>
                        </control>
                        <control type="group">
                                <right>50</right>
                                <posy>210</posy>
                                <width>530</width>
                                <height>67%</height>
                            <control type="image">
                                <!--Actor Image-->
                                <description>Actor image</description>
                                <aspectratio align="center" aligny="top" scalediffuse="true">scale</aspectratio>
                                <texture background="true" diffuse="diffuse/poster.png" fallback="DefaultActor.png">$INFO[Container(998).ListItem.Thumb]</texture>
                                <fadetime>300</fadetime>
                            </control>
                             <!--Panel-->
                            <control type="image">
                                <bottom>-1</bottom>
                                <height>120</height>
                                <bordersize>0</bordersize>
                                <texture diffuse="diffuse/poster.png">colors/color_white.png</texture>
                                <colordiffuse>$INFO[Skin.String(TagOverlaysPanelColor)]</colordiffuse>
                            </control>
                            <control type="label">
                                <left>10</left>
                                <bottom>0</bottom>
                                <width>93%</width>
                                <height>120</height>
                                <align>left</align>
                                <label>$INFO[Container(998).ListItem.Label2,[B],[/B][CR]]$INFO[Container(998).ListItem.Label]</label>
                                <font>Reg32</font>
                                <textcolor>$INFO[Skin.String(TagOverlaysTextColor)]</textcolor>
                            </control>
                        </control>
                    </control>

                    <!--Similar List-->
					<control type="group">
						<visible allowhiddenfocus="true">StringCompare(Window.Property(AdditionalInfo),similar)</visible>
						<include>animation_window_open_close</include>

                        <control type="panel" id="997">
                            <posx>63</posx>
							<posy>220</posy>
							<width>1200</width>
							<height>714</height>
							<onup>noop</onup>
							<ondown>9000</ondown>
							<onleft>ClearProperty(AdditionalInfo)</onleft>
							<onback>ClearProperty(AdditionalInfo)</onback>
							<onleft>SetFocus(9000)</onleft>
							<scrolltime>200</scrolltime>
							<orientation>vertical</orientation>
							<focusposition>0</focusposition>
							<viewtype label="similar list">list</viewtype>
                            <!-- itemlayout movies -->
                            <itemlayout height="357" width="240">
                                <control type="group">
                                    <width>233</width>
                                    <height>342</height>
                                    <include>PosterPanelLayout</include>
                                  </control>
                            </itemlayout>
                            <focusedlayout height="357" width="240">
                                <control type="group">
                                    <width>233</width>
                                    <height>342</height>
                                    <include>PosterPanelLayoutFocus</include>
                                  </control>
                            </focusedlayout>
                        </control>
                                         <control type="group">
                                <right>50</right>
                                <posy>210</posy>
                                <width>530</width>
                                <height>67%</height>
                            <control type="image">
                                <aspectratio align="center" aligny="top" scalediffuse="true">scale</aspectratio>
                                <texture background="true" diffuse="diffuse/poster.png" fallback="DefaultActor.png">$INFO[Container(997).ListItem.Art(poster)]</texture>
                                <fadetime>300</fadetime>
                            </control>
                             <!--Panel-->
                            <control type="image">
                                <bottom>-1</bottom>
                                <height>120</height>
                                <bordersize>0</bordersize>
                                <texture diffuse="diffuse/poster.png">colors/color_white.png</texture>
                                <colordiffuse>$INFO[Skin.String(TagOverlaysPanelColor)]</colordiffuse>
                            </control>
                            <control type="label">
                                <left>10</left>
                                <bottom>0</bottom>
                                <width>93%</width>
                                <height>120</height>
                                <align>left</align>
                                <label>$INFO[Container(997).ListItem.Label2,[B],[/B][CR]]$INFO[Container(997).ListItem.Label]</label>
                                <font>Reg32</font>
                                <textcolor>$INFO[Skin.String(TagOverlaysTextColor)]</textcolor>
                            </control>
                        </control>
                    </control>

             				</control>
			</control>
		</control>
	</controls>
</window>
