<?xml version="1.0" encoding="utf-8"?>
<!--Titan-->
<window>
    <defaultcontrol always="true">8001</defaultcontrol>
    <allowoverlay>no</allowoverlay>
    <controls>
        <!--Smart Playlist Rule-->
        <control type="group">
				<include>animation_window_open_close</include>
                <visible>!Window.IsVisible(virtualkeyboard) + !Window.IsVisible(selectdialog) + !Window.IsVisible(filebrowser)</visible>

				<control type="image">
					<!--Panel-->
					<posx>445</posx>
                    <posy>360</posy>
                    <width>1030</width>
                    <height>360</height>
					<texture border="15">diffuse/bgpanel.png</texture>
					<colordiffuse>$INFO[Skin.String(GeneralPanelsColor)]</colordiffuse>
				</control>
				<control type="image">
					<!--Panel-->
					<posx>445</posx>
                    <posy>360</posy>
                    <width>1030</width>
                    <height>360</height>
					<bordersize>10</bordersize>
					<texture border="15">diffuse/bgpanel.png</texture>
					<colordiffuse>$INFO[Skin.String(GeneralPanelsColor)]</colordiffuse>
				</control>
				
				
                <control type="label">
                    <description>Heading</description>
                    <posx>473</posx>
                    <posy>370</posy>
                    <width>974</width>
                    <align>center</align>
                    <include>DialogHeader</include>
                    <label>$LOCALIZE[21421]</label>
                </control>
                <control type="group" id="8001">
                    <posx>479</posx>
                    <posy>473</posy>
                    <control type="image">
                        <posx>0</posx>
                        <posy>0</posy>
                        <width>474</width>
                        <height>61</height>
                        <texture border="5">dialogs/default/inner.png</texture>
                    </control>
                    <control type="spincontrolex" id="15">
                        <description>Set Playlist type</description>
                        <posx>0</posx>
                        <posy>0</posy>
                        <width>474</width>
                        <label>-</label>
                        <include>DialogButton</include>
                        <align>left</align>
                        <textoffsetx>20</textoffsetx>
                        <spinposx>5</spinposx>
                        <onup>8000</onup>
                        <ondown>8002</ondown>
                        <onleft>16</onleft>
                        <onright>16</onright>
                    </control>
                    <control type="image">
                        <posx>488</posx>
                        <posy>0</posy>
                        <width>474</width>
                        <height>61</height>
                        <texture border="5">dialogs/default/inner.png</texture>
                    </control>
                    <control type="spincontrolex" id="16">
                        <description>Set Playlist type</description>
                        <posx>488</posx>
                        <posy>0</posy>
                        <width>474</width>
                        <label>-</label>
                        <include>DialogButton</include>
                        <align>left</align>
                        <textoffsetx>20</textoffsetx>
                        <spinposx>5</spinposx>
                        <onup>8000</onup>
                        <ondown>8002</ondown>
                        <onleft>15</onleft>
                        <onright>15</onright>
                    </control>
                </control>
                <control type="group" id="8002">
                    <posx>479</posx>
                    <posy>547</posy>
                    <control type="image">
                        <posx>0</posx>
                        <posy>0</posy>
                        <width>690</width>
                        <height>61</height>
                        <texture border="5">dialogs/default/inner.png</texture>
                    </control>
                    <control type="edit" id="17">
                        <description>Name Button</description>
                        <posx>0</posx>
                        <posy>0</posy>
                        <width>690</width>
                        <height>60</height>
                        <align>left</align>
                        <textoffsetx>20</textoffsetx>
                        
                        <include>DialogButton</include>
                        <pulseonselect>false</pulseonselect>
                        <onup>8001</onup>
                        <onleft>20</onleft>
                        <onright>20</onright>
                        <ondown>8000</ondown>
                        <animation effect="fade" start="100" end="50" time="0" condition="!Control.IsEnabled(17)" reversible="false">Conditional</animation>
                    </control>
                    <control type="image">
                        <posx>704</posx>
                        <posy>0</posy>
                        <width>258</width>
                        <height>61</height>
                        <texture border="5">dialogs/default/inner.png</texture>
                    </control>
                    <control type="image">
                        <posx>617</posx>
                        <posy>0</posy>
                        <width>74</width>
                        <height>60</height>
                        <texture>dialogs/mediasource/keyboard-nf.png</texture>
                        <colordiffuse>$INFO[Skin.String(GeneralTextColor)]</colordiffuse>
                        <visible>!Control.HasFocus(17)</visible>
                    </control>
                    <control type="image">
                        <posx>617</posx>
                        <posy>0</posy>
                        <width>74</width>
                        <height>60</height>
                        <texture>dialogs/mediasource/keyboard-nf.png</texture>
                        <colordiffuse>$INFO[Skin.String(ButtonFocusTextColor)]</colordiffuse>
                        <visible>Control.HasFocus(17)</visible>
                    </control>
                    <control type="radiobutton" id="20">
                        <posx>704</posx>
                        <posy>0</posy>
                        <width>258</width>
                        <height>60</height>
                        <include>DialogButtonBrowse</include>
                        <align>left</align>
                        <textoffsetx>60</textoffsetx>
                        <label>$LOCALIZE[1024]</label>
                        <onright>17</onright>
                        <onleft>17</onleft>
                        <onup>8001</onup>
                        <ondown>8000</ondown>
                        <selected>Control.HasFocus(20)</selected>
                        <animation effect="fade" start="100" end="50" time="0" condition="!Control.IsEnabled(20)" reversible="false">Conditional</animation>
                    </control>
                </control>
                <control type="group" id="8000">
                    <posx>470</posx>
					<width>980</width>
                    <posy>620</posy>
                    <control type="button" id="18">
                        <description>OK</description>
                        <label>$LOCALIZE[12321]</label>
                        <include>DialogButtonOther</include>
                        <onleft>19</onleft>
                        <onright>19</onright>
                        <onup>8002</onup>
                        <ondown>8001</ondown>
                        <animation effect="fade" start="100" end="75" time="0" condition="!Control.IsEnabled(18)">Conditional</animation>
                    </control>
                    <control type="button" id="19">
                        <posx>200</posx>
						<right>0</right>
                        <description>Cancel</description>
                        <label>$LOCALIZE[222]</label>
                        <include>DialogButtonOther</include>
                        <onleft>18</onleft>
                        <onright>18</onright>
                        <onup>8002</onup>
                        <ondown>8001</ondown>
                        <animation effect="fade" start="100" end="75" time="0" condition="!Control.IsEnabled(19)">Conditional</animation>
                    </control>
                </control>
            </control>
    </controls>
</window>