<?xml version="1.0" encoding="UTF-8"?>
<includes>
  
  <include name="View_53_PanelDetails">
	
    <control type="group">
      <visible>Control.IsVisible(53)</visible>
      <include>animation_view_change</include>
      
    <include>MovieDetailsLeft</include>
	  
	  <control type="panel" id="53">
                <animation effect="slide" end="-625" time="250" condition="Skin.HasSetting(View53_ShowInfoRight)">Conditional</animation>
                <right>50</right>
				<bottom>12%</bottom>
                <height>744</height>
				<width>1190</width>
				<orientation>vertical</orientation>
                <onup>53</onup>
                <ondown>53</ondown>
                <onleft>9000</onleft>
                <onright condition="Skin.HasSetting(EnableQuickJump)">6000</onright>
        <onright condition="!Skin.HasSetting(EnableQuickJump)">60</onright>
                <pagecontrol>60</pagecontrol>
                <viewtype label="31422">bigwrap</viewtype>
                <scrolltime tween="Cubic" easing="inout">500</scrolltime>
                <focusposition>6</focusposition>
                <preloaditems>2</preloaditems>
				<visible>StringCompare(Window(Home).Property(SkinHelper.ForcedView),53) | IsEmpty(Window(Home).Property(SkinHelper.ForcedView))</visible>
               <!-- itemlayout movies -->
                <itemlayout height="248" width="170" condition="container.content(MusicVideos) | Container.Content(tvshows) | Container.Content(Movies) | container.content(seasons)">
                    <control type="group">
                        <width>162</width>
                        <height>240</height>
                        <include>SmallPosterPanelLayout</include>
                      </control>
                </itemlayout>
                <!-- focussed layout movies -->
                <focusedlayout height="248" width="170" condition="container.content(MusicVideos) | Container.Content(tvshows) | Container.Content(Movies) | container.content(seasons)">
                    <control type="group">
                        <width>162</width>
                        <height>240</height>
                        <include>SmallPosterPanelLayoutFocus</include>
                      </control>			  
                </focusedlayout>
            </control>
      
		<!--vertical Scollbar-->
		<control type="scrollbar" id="60">
			<visible>Control.IsVisible(53)</visible>
			<right>15</right>
			<bottom>140</bottom>
			<height>770</height>
			<onup>60</onup>
			<ondown>6000</ondown>
			<onleft>53</onleft>
			<animation effect="fade" start="0" end="100" time="400" condition="[Control.HasFocus(60) | Skin.HasSetting(EnableTouchSupport) | Container.Scrolling | Skin.HasSetting(alwaysShowScrollbars)] + !Control.IsVisible(6002)">Conditional</animation>
			<animation effect="fade" start="100" end="0" time="400" condition="![Control.HasFocus(60) | Skin.HasSetting(EnableTouchSupport) | Container.Scrolling | Skin.HasSetting(alwaysShowScrollbars)] | Control.IsVisible(6002)">Conditional</animation>
		</control>
		
	  
    </control>
	
  </include>
</includes>
