<?xml version="1.0" encoding="UTF-8"?>
<addon id="repository.jheine" name="Repository J. Heine" version="1.0.1" provider-name="J. Heine">
	<extension point="xbmc.addon.repository" name="Repository J. Heine">
		<info compressed="false">https://raw.githubusercontent.com/jurgenheine/repository.jheine/Isengard/addons.xml</info>
		<checksum>https://raw.githubusercontent.com/jurgenheine/repository.jheine/Isengard/addons.xml.md5</checksum>
		<datadir zip="true">https://raw.githubusercontent.com/jurgenheine/repository.jheine/Isengard</datadir>
	</extension>
	  <extension point="xbmc.addon.metadata">
		<language/>
		<summary lang="en">J. Heine Repository</summary>
		<description>Addons by J. Heine.</description>
                <disclaimer></disclaimer>
                <platform>all</platform>
	  </extension>
</addon>