<?xml version="1.0" encoding="utf-8"?>
<!--Titan-->
<window id="104">
    <defaultcontrol always="true">-</defaultcontrol>
    <allowoverlay>no</allowoverlay>
    <controls>
        <control type="group">
		
            <animation type="WindowOpen" condition="!Window.IsActive(mutebug)">
                <effect type="slide" start="200,0" end="0,0" time="400" tween="cubic" easing="inout" delay="0" />
            </animation>
            <animation type="WindowClose" condition="!Window.IsActive(mutebug)">
                <effect type="slide" start="0,0" end="200,0" time="400" tween="cubic" easing="inout" delay="0" />
            </animation>
			
			<control type="image">
                <visible>player.passthrough</visible>
                <right>20</right>
				<top>-20</top>
				<width>200</width>
				<height>200</height>
                <texture colordiffuse="$INFO[Skin.String(ButtonFocusColor)]">dialogs/volume/passthrough.png</texture>
            </control>
			
			<control type="image">
                <visible>substring(Player.Volume,-60.0) + !player.passthrough</visible>
                <right>20</right>
				<top>-20</top>
				<width>200</width>
				<height>200</height>
                <texture colordiffuse="EEFF0000">dialogs/volume/mute.png</texture>
            </control>
			
            <control type="group">
                <visible>!substring(Player.Volume,-60.0) + !player.passthrough</visible>
                <control type="image">
                    <right>20</right>
					<top>-20</top>
					<width>200</width>
					<height>200</height>
                    <texture>dialogs/volume/volume.png</texture>
                </control>
				
				<control type="image">
                    <right>20</right>
					<top>-20</top>
					<width>200</width>
					<height>200</height>
                    <texture colordiffuse="$INFO[Skin.String(ButtonFocusColor)]">dialogs/volume/segments/p1.png</texture>
					<visible>IntegerGreaterThan(player.volume,0) + !Skin.HasSetting(LowPerformanceMode)</visible>
                </control>
				
				<control type="image">
                    <right>20</right>
					<top>-20</top>
					<width>200</width>
					<height>200</height>
                    <texture colordiffuse="$INFO[Skin.String(ButtonFocusColor)]">dialogs/volume/segments/p2.png</texture>
					<visible>IntegerGreaterThan(player.volume,3) + !Skin.HasSetting(LowPerformanceMode)</visible>
                </control>
				
				<control type="image">
                    <right>20</right>
					<top>-20</top>
					<width>200</width>
					<height>200</height>
                    <texture colordiffuse="$INFO[Skin.String(ButtonFocusColor)]">dialogs/volume/segments/p3.png</texture>
					<visible>IntegerGreaterThan(player.volume,6) + !Skin.HasSetting(LowPerformanceMode)</visible>
                </control>
				
				<control type="image">
                    <right>20</right>
					<top>-20</top>
					<width>200</width>
					<height>200</height>
                    <texture colordiffuse="$INFO[Skin.String(ButtonFocusColor)]">dialogs/volume/segments/p4.png</texture>
					<visible>IntegerGreaterThan(player.volume,9) + !Skin.HasSetting(LowPerformanceMode)</visible>
                </control>
				
				<control type="image">
                    <right>20</right>
					<top>-20</top>
					<width>200</width>
					<height>200</height>
                    <texture colordiffuse="$INFO[Skin.String(ButtonFocusColor)]">dialogs/volume/segments/p5.png</texture>
					<visible>IntegerGreaterThan(player.volume,12) + !Skin.HasSetting(LowPerformanceMode)</visible>
                </control>
				
				<control type="image">
                    <right>20</right>
					<top>-20</top>
					<width>200</width>
					<height>200</height>
                    <texture colordiffuse="$INFO[Skin.String(ButtonFocusColor)]">dialogs/volume/segments/p6.png</texture>
					<visible>IntegerGreaterThan(player.volume,16) + !Skin.HasSetting(LowPerformanceMode)</visible>
                </control>
				
				<control type="image">
                    <right>20</right>
					<top>-20</top>
					<width>200</width>
					<height>200</height>
                    <texture colordiffuse="$INFO[Skin.String(ButtonFocusColor)]">dialogs/volume/segments/p7.png</texture>
					<visible>IntegerGreaterThan(player.volume,19) + !Skin.HasSetting(LowPerformanceMode)</visible>
                </control>
				
				<control type="image">
                    <right>20</right>
					<top>-20</top>
					<width>200</width>
					<height>200</height>
                    <texture colordiffuse="$INFO[Skin.String(ButtonFocusColor)]">dialogs/volume/segments/p8.png</texture>
					<visible>IntegerGreaterThan(player.volume,22) + !Skin.HasSetting(LowPerformanceMode)</visible>
                </control>
				
				<control type="image">
                    <right>20</right>
					<top>-20</top>
					<width>200</width>
					<height>200</height>
                    <texture colordiffuse="$INFO[Skin.String(ButtonFocusColor)]">dialogs/volume/segments/p9.png</texture>
					<visible>IntegerGreaterThan(player.volume,25) + !Skin.HasSetting(LowPerformanceMode)</visible>
                </control>
				
				<control type="image">
                    <right>20</right>
					<top>-20</top>
					<width>200</width>
					<height>200</height>
                    <texture colordiffuse="$INFO[Skin.String(ButtonFocusColor)]">dialogs/volume/segments/p10.png</texture>
					<visible>IntegerGreaterThan(player.volume,28) + !Skin.HasSetting(LowPerformanceMode)</visible>
                </control>
				
				<control type="image">
                    <right>20</right>
					<top>-20</top>
					<width>200</width>
					<height>200</height>
                    <texture colordiffuse="$INFO[Skin.String(ButtonFocusColor)]">dialogs/volume/segments/p11.png</texture>
					<visible>IntegerGreaterThan(player.volume,32) + !Skin.HasSetting(LowPerformanceMode)</visible>
                </control>
				
				<control type="image">
                    <right>20</right>
					<top>-20</top>
					<width>200</width>
					<height>200</height>
                    <texture colordiffuse="$INFO[Skin.String(ButtonFocusColor)]">dialogs/volume/segments/p12.png</texture>
					<visible>IntegerGreaterThan(player.volume,35) + !Skin.HasSetting(LowPerformanceMode)</visible>
                </control>
				
				<control type="image">
                    <right>20</right>
					<top>-20</top>
					<width>200</width>
					<height>200</height>
                    <texture colordiffuse="$INFO[Skin.String(ButtonFocusColor)]">dialogs/volume/segments/p13.png</texture>
					<visible>IntegerGreaterThan(player.volume,38) + !Skin.HasSetting(LowPerformanceMode)</visible>
                </control>
				
				<control type="image">
                    <right>20</right>
					<top>-20</top>
					<width>200</width>
					<height>200</height>
                    <texture colordiffuse="$INFO[Skin.String(ButtonFocusColor)]">dialogs/volume/segments/p14.png</texture>
					<visible>IntegerGreaterThan(player.volume,41) + !Skin.HasSetting(LowPerformanceMode)</visible>
                </control>
				
				<control type="image">
                    <right>20</right>
					<top>-20</top>
					<width>200</width>
					<height>200</height>
                    <texture colordiffuse="$INFO[Skin.String(ButtonFocusColor)]">dialogs/volume/segments/p15.png</texture>
					<visible>IntegerGreaterThan(player.volume,44) + !Skin.HasSetting(LowPerformanceMode)</visible>
                </control>
				
				<control type="image">
                    <right>20</right>
					<top>-20</top>
					<width>200</width>
					<height>200</height>
                    <texture colordiffuse="$INFO[Skin.String(ButtonFocusColor)]">dialogs/volume/segments/p16.png</texture>
					<visible>IntegerGreaterThan(player.volume,48) + !Skin.HasSetting(LowPerformanceMode)</visible>
                </control>
				
				<control type="image">
                    <right>20</right>
					<top>-20</top>
					<width>200</width>
					<height>200</height>
                    <texture colordiffuse="$INFO[Skin.String(ButtonFocusColor)]">dialogs/volume/segments/p17.png</texture>
					<visible>IntegerGreaterThan(player.volume,51) + !Skin.HasSetting(LowPerformanceMode)</visible>
                </control>
				
				<control type="image">
                    <right>20</right>
					<top>-20</top>
					<width>200</width>
					<height>200</height>
                    <texture colordiffuse="$INFO[Skin.String(ButtonFocusColor)]">dialogs/volume/segments/p18.png</texture>
					<visible>IntegerGreaterThan(player.volume,54) + !Skin.HasSetting(LowPerformanceMode)</visible>
                </control>
				
				<control type="image">
                    <right>20</right>
					<top>-20</top>
					<width>200</width>
					<height>200</height>
                    <texture colordiffuse="$INFO[Skin.String(ButtonFocusColor)]">dialogs/volume/segments/p19.png</texture>
					<visible>IntegerGreaterThan(player.volume,57) + !Skin.HasSetting(LowPerformanceMode)</visible>
                </control>
				
				<control type="image">
                    <right>20</right>
					<top>-20</top>
					<width>200</width>
					<height>200</height>
                    <texture colordiffuse="$INFO[Skin.String(ButtonFocusColor)]">dialogs/volume/segments/p20.png</texture>
					<visible>IntegerGreaterThan(player.volume,60) + !Skin.HasSetting(LowPerformanceMode)</visible>
                </control>
				
				<control type="image">
                    <right>20</right>
					<top>-20</top>
					<width>200</width>
					<height>200</height>
                    <texture colordiffuse="$INFO[Skin.String(ButtonFocusColor)]">dialogs/volume/segments/p21.png</texture>
					<visible>IntegerGreaterThan(player.volume,64) + !Skin.HasSetting(LowPerformanceMode)</visible>
                </control>
				
				<control type="image">
                    <right>20</right>
					<top>-20</top>
					<width>200</width>
					<height>200</height>
                    <texture colordiffuse="$INFO[Skin.String(ButtonFocusColor)]">dialogs/volume/segments/p22.png</texture>
					<visible>IntegerGreaterThan(player.volume,67) + !Skin.HasSetting(LowPerformanceMode)</visible>
                </control>
				
				<control type="image">
                    <right>20</right>
					<top>-20</top>
					<width>200</width>
					<height>200</height>
                    <texture colordiffuse="$INFO[Skin.String(ButtonFocusColor)]">dialogs/volume/segments/p23.png</texture>
					<visible>IntegerGreaterThan(player.volume,70) + !Skin.HasSetting(LowPerformanceMode)</visible>
                </control>
				
				<control type="image">
                    <right>20</right>
					<top>-20</top>
					<width>200</width>
					<height>200</height>
                    <texture colordiffuse="$INFO[Skin.String(ButtonFocusColor)]">dialogs/volume/segments/p24.png</texture>
					<visible>IntegerGreaterThan(player.volume,73) + !Skin.HasSetting(LowPerformanceMode)</visible>
                </control>
				
				<control type="image">
                    <right>20</right>
					<top>-20</top>
					<width>200</width>
					<height>200</height>
                    <texture colordiffuse="$INFO[Skin.String(ButtonFocusColor)]">dialogs/volume/segments/p25.png</texture>
					<visible>IntegerGreaterThan(player.volume,76) + !Skin.HasSetting(LowPerformanceMode)</visible>
                </control>
				
				<control type="image">
                    <right>20</right>
					<top>-20</top>
					<width>200</width>
					<height>200</height>
                    <texture colordiffuse="$INFO[Skin.String(ButtonFocusColor)]">dialogs/volume/segments/p26.png</texture>
					<visible>IntegerGreaterThan(player.volume,80) + !Skin.HasSetting(LowPerformanceMode)</visible>
                </control>
				
				<control type="image">
                    <right>20</right>
					<top>-20</top>
					<width>200</width>
					<height>200</height>
                    <texture colordiffuse="$INFO[Skin.String(ButtonFocusColor)]">dialogs/volume/segments/p27.png</texture>
					<visible>IntegerGreaterThan(player.volume,83) + !Skin.HasSetting(LowPerformanceMode)</visible>
                </control>
				
				<control type="image">
                    <right>20</right>
					<top>-20</top>
					<width>200</width>
					<height>200</height>
                    <texture colordiffuse="$INFO[Skin.String(ButtonFocusColor)]">dialogs/volume/segments/p28.png</texture>
					<visible>IntegerGreaterThan(player.volume,86) + !Skin.HasSetting(LowPerformanceMode)</visible>
                </control>
				
				<control type="image">
                    <right>20</right>
					<top>-20</top>
					<width>200</width>
					<height>200</height>
                    <texture colordiffuse="$INFO[Skin.String(ButtonFocusColor)]">dialogs/volume/segments/p29.png</texture>
					<visible>IntegerGreaterThan(player.volume,89) + !Skin.HasSetting(LowPerformanceMode)</visible>
                </control>
				
				<control type="image">
                    <right>20</right>
					<top>-20</top>
					<width>200</width>
					<height>200</height>
                    <texture colordiffuse="$INFO[Skin.String(ButtonFocusColor)]">dialogs/volume/segments/p30.png</texture>
					<visible>IntegerGreaterThan(player.volume,92) + !Skin.HasSetting(LowPerformanceMode)</visible>
                </control>
				
				<control type="image">
                    <right>20</right>
					<top>-20</top>
					<width>200</width>
					<height>200</height>
                    <texture colordiffuse="$INFO[Skin.String(ButtonFocusColor)]">dialogs/volume/segments/p31.png</texture>
					<visible>IntegerGreaterThan(player.volume,96) + !Skin.HasSetting(LowPerformanceMode)</visible>
                </control>
				
				<control type="image">
                    <right>20</right>
					<top>-20</top>
					<width>200</width>
					<height>200</height>
                    <texture colordiffuse="$INFO[Skin.String(ButtonFocusColor)]">dialogs/volume/segments/p32.png</texture>
					<visible>IntegerGreaterThan(player.volume,99) + !Skin.HasSetting(LowPerformanceMode)</visible>
                </control>
				
				<control type="label">
                    <right>20</right>
					<top>120</top>
                    <height>24</height>
					<width>200</width>
                    <align>center</align>
					<font>Bold32</font>
                    <label>$INFO[Control.GetLabel(1)]</label>
					<visible>!IntegerGreaterThan(player.volume,99)</visible>
                    <textcolor>FFFFFFFF</textcolor>
					<shadowcolor>darkgrey</shadowcolor>
                </control>
				
				<control type="label">
                    <right>20</right>
					<top>120</top>
					<width>200</width>
                    <height>24</height>
                    <align>center</align>
					<font>Bold32</font>
                    <label>$INFO[Control.GetLabel(1)]</label>
					<visible>IntegerGreaterThan(player.volume,99)</visible>
                    <textcolor>FFFFFFFF</textcolor>
					<shadowcolor>darkgrey</shadowcolor>
                </control>
				
            <control type="progress" id="1">
                <info>Player.Volume</info>
                <animation effect="fade" end="0" condition="true">Conditional</animation>
            </control>
				
            </control>
        </control>
    </controls>
</window>