<includes>
    
    <include name="HomeWin10">

		<!-- all widgets -->
		<control type="grouplist" id="9000">
			<posx>0</posx>
			<height>930</height>
			<width>1905</width>
			<bottom>30</bottom>
            <ondown>9000</ondown>
            <onleft>300</onleft>
            <onup>5555</onup>
            <orientation>horizontal</orientation>
			<pagecontrol>317</pagecontrol>
            <onfocus>ClearProperty(ShowViewSubMenu)</onfocus>
            <include>animation_window_open_close</include>
            <animation effect="slide" end="420" time="300" delay="0" tween="cubic" easing="inout" condition="Control.HasFocus(300) | StringCompare(Window(Home).Property(ShowViewSubMenu),show)">Conditional</animation>
            <animation effect="slide" end="0,30" time="300" delay="0" tween="cubic" easing="inout" condition="Window.IsActive(infodialog) | Window.IsActive(extendedprogressdialog) | Control.IsVisible(88888)">Conditional</animation>
            <!--white space -->
            <control type="group" id="99">
                <width>40</width>
            </control>
            <!-- submenu -->
            <control type="group" id="100">
                <width>470</width>
                <visible>IntegerGreaterThan(Container(4445).NumItems,0) | IsEmpty(Container(300).ListItem.Property(widget))</visible>
                <control type="label">
                    <posx>0</posx>
					<height>40</height>
					<font>Reg28</font>
					<align>left</align>
					<aligny>top</aligny>
					<textcolor>$INFO[Skin.String(HeaderTextColor)]</textcolor>
					<label>$INFO[Container(300).ListItem.Label]</label>
                    <visible>Skin.HasSetting(CompactHeader)</visible>
				</control>
                <control type="panel" id="4444">
                    <viewtype label="31436">icons</viewtype>
                    <posx>0</posx>
                    <posy>50</posy>
                    <width>440</width>
                    <height>880</height>
                    <onright>510</onright>
                    <onright condition="Skin.HasSetting(EnhancedHome_Circular) + IsEmpty(Container(300).ListItem.Property(widget))">Control.Move(300,1)</onright>
                    <onright condition="Skin.HasSetting(EnhancedHome_Circular) + IsEmpty(Container(300).ListItem.Property(widget))">SetFocus(4444)</onright>
                    <onleft condition="!Skin.HasSetting(EnhancedHome_Circular)">300</onleft>
                    <onleft condition="Skin.HasSetting(EnhancedHome_Circular)">Control.Move(300,-1)</onleft>
                    <onup>5555</onup>
                    <onfocus>ClearProperty(ShowViewSubMenu)</onfocus>
                    <orientation>vertical</orientation>
                    <preloaditems>4</preloaditems>
                    <scrolltime tween="quadratic" easing="out">300</scrolltime>
                    <itemlayout height="220" width="220">
                        <control type="group">
                            <width>220</width>
                            <height>220</height>
                            <include>SquarePosterPanelLayout</include>
                            <control type="group">
                                <description>label overlay</description>
                                <include>SquarePosterLabelOverlay</include>
                                <include>SquarePosterLabelOverlayVisibility</include>
                            </control>
                        </control>
                    </itemlayout>
                    <focusedlayout height="220" width="220">
                      <control type="group">
                            <width>220</width>
                            <height>220</height>
                            <include>SquarePosterPanelLayoutFocus</include>
                            <control type="group">
                                <description>label overlay</description>
                                <include>SquarePosterLabelOverlay</include>
                                <include>SquarePosterLabelOverlayVisibility</include>
                            </control>
                        </control>
                        <control type="button">
                        <visible>false</visible>
                        <onfocus>ClearProperty(ShowViewSubMenu)</onfocus>
                    </control>
                    </focusedlayout>
                    <content>
                        <include>skinshortcuts-submenu</include>
                        <item id="9999">
                            <label>$INFO[Container(300).ListItem.Label]</label>
                            <icon>$INFO[Container(300).ListItem.Icon]</icon>
                            <onclick>SetFocus(300)</onclick>
                            <onclick>SendClick(300)</onclick>
                            <visible>!IntegerGreaterThan(Container(4445).NumItems,0) + IsEmpty(Container(300).ListItem.Property(widget))</visible>
                        </item>
                    </content>
                </control>
            </control>
           <!-- widget 1 -->
            <control type="group" id="500">
                <width>690</width>
                <visible>!IsEmpty(Container(300).ListItem.Property(widget))</visible>
                <control type="label">
					<height>40</height>
					<font>Reg28</font>
					<align>left</align>
					<aligny>top</aligny>
					<textcolor>$INFO[Skin.String(HeaderTextColor)]</textcolor>
					<label>$INFO[Container(300).ListItem.Property(widgetName)]</label>
                </control>
                <!-- spotlight -->
                <control type="group">
                    <posy>50</posy>
                    <width>660</width>
                    <height>440</height>
                    <visible>IntegerGreaterThan(Container(510).NumItems,0)</visible>
                    <visible>!SubString(Container(300).ListItem.Property(widgetInfoPanel),disable)</visible>
                    <animation effect="slide" end="0,440" time="0" condition="SubString(Container(300).ListItem.Property(widgetInfoPanel),bottom)">Conditional</animation>
                    <control type="image">
                        <!--Panel Normal-->
                        <posx>0</posx>
                        <posy>0</posy>
                        <texture background="true">diffuse/wide.png</texture>
                        <colordiffuse>$VAR[ViewDetailsPanelColor]</colordiffuse>
                        <include condition="Skin.String(thumbsborder_unfocused, 0)">thumbborder_0</include>
                        <include condition="Skin.String(thumbsborder_unfocused, 2)">thumbborder_2</include>
                        <include condition="Skin.String(thumbsborder_unfocused, 4)">thumbborder_4</include>
                        <include condition="Skin.String(thumbsborder_unfocused, 6)">thumbborder_6</include>
                    </control>
                    <control type="image">
                        <width>100%</width>
                        <height>100%</height>
                        <bordersize>8</bordersize>
                        <texture background="true" diffuse="diffuse/wide.png">$VAR[HomeWin10SpotLightWidgetImage1]</texture>
                        <aspectratio scalediffuse="false" align="center" aligny="top">scale</aspectratio>
                    </control>
                    <!--info Overlay-->
                    <control type="image">
                        <!--Panel Ovelay-->
                        <bottom>0</bottom>
                        <height>185</height>
                        <bordersize>8</bordersize>
                        <colordiffuse>$VAR[ViewDetailsPanelColor]</colordiffuse>
                        <texture border="5">colors/color_white.png</texture>
                    </control>
                    <!-- title+subtitle-->
                    <control type="label">
                        <bottom>121</bottom>
                        <posx>20</posx>
                        <width>95%</width>
                        <height>45</height>
                        <align>left</align>
                        <label>[COLOR=$INFO[Skin.String(ViewDetailsFocusColor)]][B]$VAR[HomeWin10SpotLightWidgetInfoLabel1][/COLOR][CR]$VAR[HomeWin10SpotLightWidgetInfoSubTitle1]</label>
                        <textcolor>$VAR[SpotLightWidgetTextColor]</textcolor>
                        <font>Reg22</font>
                    </control>
                    <!-- plot-->
                    <control type="textbox">
                        <bottom>12</bottom>
                        <posx>20</posx>
                        <width>95%</width>
                        <height>97</height>
                        <align>left</align>
                        <label>$VAR[HomeWin10SpotLightWidgetInfoPlot1]</label>
                        <textcolor>$VAR[SpotLightWidgetTextColor]</textcolor>
                        <font>Reg20</font>
                    </control>
                </control>
                <!--widget -->
                <include condition="!Skin.HasSetting(DisableAllWidgets)">skinshortcuts-template-win10widget.1</include>
            </control>
            <!-- widget 2 -->
            <control type="group" id="600">
                <width>690</width>
                <visible>!IsEmpty(Container(300).ListItem.Property(widget.1))</visible>
                <control type="label">
					<height>40</height>
					<font>Reg28</font>
					<align>left</align>
					<aligny>top</aligny>
					<textcolor>$INFO[Skin.String(HeaderTextColor)]</textcolor>
					<label>$INFO[Container(300).ListItem.Property(widgetName.1)]</label>
                </control>
                         <!-- spotlight -->
                <control type="group">
                    <posy>50</posy>
                    <width>660</width>
                    <height>440</height>
                    <visible>IntegerGreaterThan(Container(520).NumItems,0)</visible>
                    <visible>!SubString(Container(300).ListItem.Property(widgetInfoPanel.1),disable)</visible>
                    <animation effect="slide" end="0,440" time="0" condition="SubString(Container(300).ListItem.Property(widgetInfoPanel.1),bottom)">Conditional</animation>
                    <control type="image">
                        <!--Panel Normal-->
                        <posx>0</posx>
                        <posy>0</posy>
                        <texture background="true">diffuse/wide.png</texture>
                        <colordiffuse>$VAR[ViewDetailsPanelColor]</colordiffuse>
                        <include condition="Skin.String(thumbsborder_unfocused, 0)">thumbborder_0</include>
                        <include condition="Skin.String(thumbsborder_unfocused, 2)">thumbborder_2</include>
                        <include condition="Skin.String(thumbsborder_unfocused, 4)">thumbborder_4</include>
                        <include condition="Skin.String(thumbsborder_unfocused, 6)">thumbborder_6</include>
                    </control>
                    <control type="image">
                        <width>100%</width>
                        <height>100%</height>
                        <bordersize>8</bordersize>
                        <texture background="true" diffuse="diffuse/wide.png">$VAR[HomeWin10SpotLightWidgetImage2]</texture>
                        <aspectratio scalediffuse="false" align="center" aligny="top">scale</aspectratio>
                    </control>
                    <!--info Overlay-->
                    <control type="image">
                        <!--Panel Ovelay-->
                        <bottom>0</bottom>
                        <height>185</height>
                        <bordersize>8</bordersize>
                        <colordiffuse>$VAR[ViewDetailsPanelColor]</colordiffuse>
                        <texture border="5">colors/color_white.png</texture>
                    </control>
                    <!-- title+subtitle-->
                    <control type="label">
                        <bottom>121</bottom>
                        <posx>20</posx>
                        <width>95%</width>
                        <height>45</height>
                        <align>left</align>
                        <label>[COLOR=$INFO[Skin.String(ViewDetailsFocusColor)]][B]$VAR[HomeWin10SpotLightWidgetInfoLabel2][/COLOR][CR]$VAR[HomeWin10SpotLightWidgetInfoSubTitle2]</label>
                        <textcolor>$VAR[SpotLightWidgetTextColor]</textcolor>
                        <font>Reg22</font>
                    </control>
                    <!-- plot-->
                    <control type="textbox">
                        <bottom>12</bottom>
                        <posx>20</posx>
                        <width>95%</width>
                        <height>97</height>
                        <align>left</align>
                        <label>$VAR[HomeWin10SpotLightWidgetInfoPlot2]</label>
                        <textcolor>$VAR[SpotLightWidgetTextColor]</textcolor>
                        <font>Reg20</font>
                    </control>
                </control>
                <!--widget -->
                <include condition="!Skin.HasSetting(DisableAllWidgets)">skinshortcuts-template-win10widget.2</include>
            </control>
            <!-- widget 3 -->
            <control type="group" id="700">
                <width>690</width>
                <visible>!IsEmpty(Container(300).ListItem.Property(widget.2))</visible>
                <control type="label">
					<height>40</height>
					<font>Reg28</font>
					<align>left</align>
					<aligny>top</aligny>
					<textcolor>$INFO[Skin.String(HeaderTextColor)]</textcolor>
					<label>$INFO[Container(300).ListItem.Property(widgetName.2)]</label>
                </control>
                <!-- spotlight -->
                <control type="group">
                    <posy>50</posy>
                    <width>660</width>
                    <height>440</height>
                    <visible>!SubString(Container(300).ListItem.Property(widgetInfoPanel.2),disable)</visible>
                    <visible>IntegerGreaterThan(Container(530).NumItems,0)</visible>
                    <animation effect="slide" end="0,440" time="0" condition="SubString(Container(300).ListItem.Property(widgetInfoPanel.2),bottom)">Conditional</animation>
                    <control type="image">
                        <!--Panel Normal-->
                        <posx>0</posx>
                        <posy>0</posy>
                        <texture background="true">diffuse/wide.png</texture>
                        <colordiffuse>$VAR[ViewDetailsPanelColor]</colordiffuse>
                        <include condition="Skin.String(thumbsborder_unfocused, 0)">thumbborder_0</include>
                        <include condition="Skin.String(thumbsborder_unfocused, 2)">thumbborder_2</include>
                        <include condition="Skin.String(thumbsborder_unfocused, 4)">thumbborder_4</include>
                        <include condition="Skin.String(thumbsborder_unfocused, 6)">thumbborder_6</include>
                    </control>
                    <control type="image">
                        <width>100%</width>
                        <height>100%</height>
                        <bordersize>8</bordersize>
                        <texture background="true" diffuse="diffuse/wide.png">$VAR[HomeWin10SpotLightWidgetImage3]</texture>
                        <aspectratio scalediffuse="false" align="center" aligny="top">scale</aspectratio>
                    </control>
                    <!--info Overlay-->
                    <control type="image">
                        <!--Panel Ovelay-->
                        <bottom>0</bottom>
                        <height>185</height>
                        <bordersize>8</bordersize>
                        <colordiffuse>$VAR[ViewDetailsPanelColor]</colordiffuse>
                        <texture border="5">colors/color_white.png</texture>
                    </control>
                    <!-- title+subtitle-->
                    <control type="label">
                        <bottom>121</bottom>
                        <posx>20</posx>
                        <width>95%</width>
                        <height>45</height>
                        <align>left</align>
                        <label>[COLOR=$INFO[Skin.String(ViewDetailsFocusColor)]][B]$VAR[HomeWin10SpotLightWidgetInfoLabel3][/COLOR][CR]$VAR[HomeWin10SpotLightWidgetInfoSubTitle3]</label>
                        <textcolor>$VAR[SpotLightWidgetTextColor]</textcolor>
                        <font>Reg22</font>
                    </control>
                    <!-- plot-->
                    <control type="textbox">
                        <bottom>12</bottom>
                        <posx>20</posx>
                        <width>95%</width>
                        <height>97</height>
                        <align>left</align>
                        <label>$VAR[HomeWin10SpotLightWidgetInfoPlot3]</label>
                        <textcolor>$VAR[SpotLightWidgetTextColor]</textcolor>
                        <font>Reg20</font>
                    </control>
                </control>
                <!--widget -->
                <include condition="!Skin.HasSetting(DisableAllWidgets)">skinshortcuts-template-win10widget.3</include>
            </control>
            <!-- widget 4 -->
            <control type="group" id="800">
                <width>690</width>
                <visible>!IsEmpty(Container(300).ListItem.Property(widget.3))</visible>
                <control type="label">
					<height>40</height>
					<font>Reg28</font>
					<align>left</align>
					<aligny>top</aligny>
					<textcolor>$INFO[Skin.String(HeaderTextColor)]</textcolor>
					<label>$INFO[Container(300).ListItem.Property(widgetName.3)]</label>
                </control>
                <!-- spotlight -->
                <control type="group">
                    <posy>50</posy>
                    <width>660</width>
                    <height>440</height>
                    <visible>!SubString(Container(300).ListItem.Property(widgetInfoPanel.3),disable)</visible>
                    <visible>IntegerGreaterThan(Container(540).NumItems,0)</visible>
                    <animation effect="slide" end="0,440" time="0" condition="SubString(Container(300).ListItem.Property(widgetInfoPanel.3),bottom)">Conditional</animation>
                    <control type="image">
                        <!--Panel Normal-->
                        <posx>0</posx>
                        <posy>0</posy>
                        <texture background="true">diffuse/wide.png</texture>
                        <colordiffuse>$VAR[ViewDetailsPanelColor]</colordiffuse>
                        <include condition="Skin.String(thumbsborder_unfocused, 0)">thumbborder_0</include>
                        <include condition="Skin.String(thumbsborder_unfocused, 2)">thumbborder_2</include>
                        <include condition="Skin.String(thumbsborder_unfocused, 4)">thumbborder_4</include>
                        <include condition="Skin.String(thumbsborder_unfocused, 6)">thumbborder_6</include>
                    </control>
                    <control type="image">
                        <width>100%</width>
                        <height>100%</height>
                        <bordersize>8</bordersize>
                        <texture background="true" diffuse="diffuse/wide.png">$VAR[HomeWin10SpotLightWidgetImage4]</texture>
                        <aspectratio scalediffuse="false" align="center" aligny="top">scale</aspectratio>
                    </control>
                    <!--info Overlay-->
                    <control type="image">
                        <!--Panel Ovelay-->
                        <bottom>0</bottom>
                        <height>185</height>
                        <bordersize>8</bordersize>
                        <colordiffuse>$VAR[ViewDetailsPanelColor]</colordiffuse>
                        <texture border="5">colors/color_white.png</texture>
                    </control>
                    <!-- title+subtitle-->
                    <control type="label">
                        <bottom>121</bottom>
                        <posx>20</posx>
                        <width>95%</width>
                        <height>45</height>
                        <align>left</align>
                        <label>[COLOR=$INFO[Skin.String(ViewDetailsFocusColor)]][B]$VAR[HomeWin10SpotLightWidgetInfoLabel4][/COLOR][CR]$VAR[HomeWin10SpotLightWidgetInfoSubTitle4]</label>
                        <textcolor>$VAR[SpotLightWidgetTextColor]</textcolor>
                        <font>Reg22</font>
                    </control>
                    <!-- plot-->
                    <control type="textbox">
                        <bottom>12</bottom>
                        <posx>20</posx>
                        <width>95%</width>
                        <height>97</height>
                        <align>left</align>
                        <label>$VAR[HomeWin10SpotLightWidgetInfoPlot4]</label>
                        <textcolor>$VAR[SpotLightWidgetTextColor]</textcolor>
                        <font>Reg20</font>
                    </control>
                </control>
                <!--widget -->
                <include condition="!Skin.HasSetting(DisableAllWidgets)">skinshortcuts-template-win10widget.4</include>
            </control>
     		</control>
		
		<!--horizontal Scrollbar-->
        <control type="group">
            <control type="scrollbar" id="317">
                <left>40</left>
                <bottom>0</bottom>
                <width>1840</width>
                <height>15</height>
                <onup>52</onup>
                <onleft>317</onleft>
                <onright>317</onright>
                <orientation>horizontal</orientation>
                <animation effect="slide" end="0,20" time="300" delay="0" tween="cubic" easing="inout" condition="Window.IsActive(infodialog) | Window.IsActive(extendedprogressdialog) | Control.IsVisible(88888)">Conditional</animation>
                     <animation effect="fade" start="0" end="100" time="400" condition="Control.HasFocus(60) | Skin.HasSetting(EnableTouchSupport) | Container.Scrolling | Skin.HasSetting(alwaysShowScrollbars)">Conditional</animation>
                <animation effect="fade" start="100" end="0" time="400" condition="![Control.HasFocus(60) | Skin.HasSetting(EnableTouchSupport) | Container.Scrolling | Skin.HasSetting(alwaysShowScrollbars)]">Conditional</animation>
            </control>
        </control>

		<!--Side Menu-->
        <include>SideBladeMainMenu</include>
    </include>
    
    <include name="SideBladeMainMenu">
        <control type="group" id="9001">
            <posx>-660</posx>
			<posy>0</posy>
			<visible>!Window.IsActive(virtualkeyboard)</visible>
			<animation type="Conditional" condition="[ControlGroup(9001).HasFocus() + window.isactive(home)] | ControlGroup(300).HasFocus() | StringCompare(Window(Home).Property(ShowViewSubMenu),show) | Control.HasFocus(300)">
                <effect type="slide" start="0" end="660" time="300" delay="0" tween="cubic" easing="inout" />
            </animation>
			<!--Panel-->
            <control type="image">
                <posy>-5%</posy>
                <posx>-20</posx>
                <width>425</width>
                <height>110%</height>
                <texture border="5">diffuse/panel.png</texture>
                <colordiffuse>$INFO[Skin.String(SideBladePanelColor)]</colordiffuse>
                <aspectratio>stretch</aspectratio>
            </control>
            <control type="image">
                <posy>-20</posy>
                <posx>-20</posx>
                <width>420</width>
                <height>1100</height>
                <texture border="5">diffuse/panel.png</texture>
                <colordiffuse>$INFO[Skin.String(SideBladePanelColor)]</colordiffuse>
                <aspectratio>stretch</aspectratio>
            </control>
            <control type="image">
                <posy>-20</posy>
                <posx>-20</posx>
                <width>420</width>
                <height>1100</height>
                <texture border="5">diffuse/panel.png</texture>
                <colordiffuse>$INFO[Skin.String(SideBladePanelColor)]</colordiffuse>
                <aspectratio>stretch</aspectratio>
            </control>

            <!-- menu button -->
            <control type="button" id="1">
                <label></label>
                <posx>40</posx>
                <top>20</top>
                <include>animation_fade_visible_hidden</include>
                <width>60</width>
                <height>60</height>
                <font>-</font>
                <onright>2</onright>
                <ondown>300</ondown>
                <onup>300</onup>
                <texturefocus colordiffuse="$INFO[Skin.String(HomeViewDetailsFocusColor)]">common/menu.png</texturefocus>
                <texturenofocus colordiffuse="$INFO[Skin.String(SideBladeTextColor)]">common/menu.png</texturenofocus>
                <onclick>ClearProperty(ShowViewSubMenu, Home)</onclick>
                <onclick>SetFocus(9000)</onclick>
                <visible>!Window.IsActive(infodialog) + !Window.IsActive(extendedprogressdialog) + !Control.IsVisible(88888)</visible>
            </control>
            
            <control type="button" id="2">
				<description>powerbutton</description>
				<posx>115</posx>
				<top>25</top>
				<width>50</width>
				<height>50</height>
				<onup>300</onup>
                <ondown>300</ondown>
				<onleft>1</onleft>
				<texturefocus colordiffuse="$INFO[Skin.String(ButtonFocusColor)]">common/shutdown2.png</texturefocus>
				<texturenofocus colordiffuse="white">common/shutdown2.png</texturenofocus>
				<onclick>ActivateWindow(111)</onclick>
				<visible>!Skin.HasSetting(DisablePowerMenu)</visible>
                <visible allowhiddenfocus="true">!Skin.HasSetting(HidePowerMenu)</visible>
				<include>animation_fade_visible_hidden</include>		
			</control>

            <!--main menu 300-->
			<control type="list" id="300">
				<posx>15</posx>
				<posy>15%</posy>
				<width>370</width>
				<height>85%</height>
				<itemgap>0</itemgap>
				<onleft>9000</onleft>
				<onright>9000</onright>
				<onright>ClearProperty(ShowViewSubMenu, Home)</onright>
				<onleft>ClearProperty(ShowViewSubMenu, Home)</onleft>
				<onback>ClearProperty(ShowViewSubMenu, Home)</onback>
				<onback>9000</onback>
				<onup>1</onup>
				<ondown condition="Skin.HasSetting(DisablePowerMenu)">300</ondown>
				<ondown condition="!Skin.HasSetting(DisablePowerMenu)">2</ondown>
				<orientation>vertical</orientation>
				<itemlayout height="70" width="370">
					<control type="label">
						<width>100%</width>
						<left>25</left>
						<align>left</align>
						<font>Reg24</font>
						<textcolor>$INFO[Skin.String(SideBladeTextColor)]</textcolor>
						<label>$INFO[ListItem.Label]</label>
					</control>
				</itemlayout>
				<focusedlayout height="70" width="370">
					<control type="button">
						<include>SideBladeMenuButton</include>
						<label>$INFO[ListItem.Label]</label>
					</control>
					<control type="label">
						<width>100%</width>
						<left>25</left>
						<align>left</align>
						<font>Reg24</font>
						<textcolor>$INFO[Skin.String(ButtonFocusTextColor)]</textcolor>
						<label>$INFO[ListItem.Label]</label>
					</control>
                    <control type="button">
                        <visible>false</visible>
                        <onfocus>SetProperty(ShowViewSubMenu,show)</onfocus>
                    </control>
				</focusedlayout>
				<include condition="Window.IsActive(Home)">MainMenuContent</include>
                <include condition="Window.IsActive(3019)">netflix_mainmenu_flix2kodi</include>
                <include condition="Window.IsActive(3018)">netflix_mainmenu_movies</include>
                <include condition="Window.IsActive(3017)">netflix_mainmenu_tvshows</include>
			</control>
        </control>
    
    </include>
    
    <include name="MainMenuContent">
        <content>
            <include>skinshortcuts-mainmenu</include>
        </content>
    </include>
    
	<include name="HomeWin10WidgetPosFull">
        <posy>50</posy>
        <width>660</width>
        <height>880</height>
    </include>
    <include name="HomeWin10WidgetPosTop">
        <posy>50</posy>
        <width>660</width>
        <height>440</height>
    </include>
    <include name="HomeWin10WidgetPosBottom">
        <posy>490</posy>
        <width>660</width>
        <height>440</height>
    </include>
    <include name="HomeWin10WidgetLayout">
        <orientation>vertical</orientation>
        <preloaditems>4</preloaditems>
        <scrolltime tween="quadratic" easing="out">300</scrolltime>
        <onup>5555</onup>
        <animation time="300" effect="fade" start="0" end="100" reversible="true" easing="inout">Visible</animation>
    </include>
    <include name="HomeWin10WidgetLayoutSquare">
        <!-- square layout (default) -->
        <itemlayout height="220" width="220">
            <include>SquarePosterPanelLayout</include>
            <control type="group">
                <description>widget label overlay</description>
                <include condition="!Skin.String(Widgets_DisplayTags,disable)">SquarePosterLabelOverlay</include>
                <include condition="Skin.String(Widgets_DisplayTags,auto)">SquarePosterLabelOverlayVisibility</include>
                <include name="$PARAM[widgetLabelVisibility]" condition="Skin.String(Widgets_DisplayTags,override)">
                    <param name="prefix" value="SquarePoster" />
                </include>
            </control>
        </itemlayout>
        <focusedlayout height="220" width="220">
            <include>SquarePosterPanelLayoutFocus</include>
            <control type="group">
                <description>widget label overlay</description>
                <include condition="!Skin.String(Widgets_DisplayTags,disable)">SquarePosterLabelOverlay</include>
                <include condition="Skin.String(Widgets_DisplayTags,auto)">SquarePosterLabelOverlayVisibility</include>
                <include name="$PARAM[widgetLabelVisibility]" condition="Skin.String(Widgets_DisplayTags,override)">
                    <param name="prefix" value="SquarePoster" />
                </include>
            </control>
        </focusedlayout>
    </include>
    <include name="HomeWin10WidgetLayoutPoster">
        <itemlayout height="220" width="165">
            <include>SmallPosterPanelLayout</include>
            <control type="group">
                <description>widget label overlay</description>
                <include condition="!Skin.String(Widgets_DisplayTags,disable)">SmallPanelLabelOverlay</include>
                <include condition="Skin.String(Widgets_DisplayTags,auto)">PosterLabelOverlayVisibility</include>
                <include name="$PARAM[widgetLabelVisibility]" condition="Skin.String(Widgets_DisplayTags,override)">
                    <param name="prefix" value="Poster" />
                </include>
            </control>
        </itemlayout>
        <focusedlayout height="220" width="165">
            <include>SmallPosterPanelLayoutFocus</include>
            <control type="group">
                <description>widget label overlay</description>
                <include condition="!Skin.String(Widgets_DisplayTags,disable)">SmallPanelLabelOverlay</include>
                <include condition="Skin.String(Widgets_DisplayTags,auto)">PosterLabelOverlayVisibility</include>
                <include name="$PARAM[widgetLabelVisibility]" condition="Skin.String(Widgets_DisplayTags,override)">
                    <param name="prefix" value="Poster" />
                </include>
            </control>
        </focusedlayout>
    </include>
    <include name="HomeWin10WidgetLayoutLandscape">
        <itemlayout height="220" width="330">
            <include>ThumbsViewLayout</include>
            <control type="group">
                <description>widget label overlay</description>
                <include condition="!Skin.String(Widgets_DisplayTags,disable)">ThumbsLabelOverlay</include>
                <include condition="Skin.String(Widgets_DisplayTags,auto)">LandscapeLabelOverlayVisibility</include>
                <include name="$PARAM[widgetLabelVisibility]" condition="Skin.String(Widgets_DisplayTags,override)">
                    <param name="prefix" value="Landscape" />
                </include>
            </control>
        </itemlayout>
        <focusedlayout height="220" width="330">
            <include>ThumbsViewLayoutFocus</include>
            <control type="group">
                <description>widget label overlay</description>
                <include condition="!Skin.String(Widgets_DisplayTags,disable)">ThumbsLabelOverlay</include>
                <include condition="Skin.String(Widgets_DisplayTags,auto)">LandscapeLabelOverlayVisibility</include>
                <include name="$PARAM[widgetLabelVisibility]" condition="Skin.String(Widgets_DisplayTags,override)">
                    <param name="prefix" value="Landscape" />
                </include>
            </control>
        </focusedlayout>
    </include>
    <include name="HomeWin10WidgetLayoutBanner">
        <itemlayout height="146" width="660">
            <control type="image">
                <texture border="5">diffuse/banner.png</texture>
                <colordiffuse>$VAR[ViewDetailsPanelColor]</colordiffuse>
                <aspectratio scalediffuse="false" align="left">stretch</aspectratio>
                <include condition="Skin.String(thumbsborder_unfocused, 0)">thumbborder_0</include>
                <include condition="Skin.String(thumbsborder_unfocused, 2)">thumbborder_2</include>
                <include condition="Skin.String(thumbsborder_unfocused, 4)">thumbborder_4</include>
                <include condition="Skin.String(thumbsborder_unfocused, 6)">thumbborder_6</include>
            </control>
            <include>BannerPlexlayout</include>
        </itemlayout>
        <focusedlayout height="146" width="660">
            <control type="image">
                <texture border="5">diffuse/banner.png</texture>
                <colordiffuse>$INFO[Skin.String(HomeViewDetailsFocusColor)]</colordiffuse>
                <aspectratio scalediffuse="false" align="left">stretch</aspectratio>
                <include condition="Skin.String(thumbsborder_focused, 2)">thumbborder_2</include>
                <include condition="Skin.String(thumbsborder_focused, 4)">thumbborder_4</include>
                <include condition="Skin.String(thumbsborder_focused, 6)">thumbborder_6</include>
            </control>
            <include>BannerPlexlayout</include>
        </focusedlayout>
    </include>
    
    <variable name="HomeWin10SpotLightWidgetInfoLabel1">
		<value condition="SubString(Container(300).ListItem.Property(widgetPath), plugin.video.youtube)">[B]$INFO[Container(510).ListItem.label][CR]$INFO[Container(510).ListItem.label2][/B]</value>
		<value condition="StringCompare(Container(300).ListItem.Property(widget), smart-pvr) + StringCompare(Container(510).ListItem.Property(type),livechannel)">[B]$INFO[Container(510).ListItem.Property(title)][/B]</value>
		<value condition="StringCompare(Container(300).ListItem.Property(widget), smart-pvr) + StringCompare(Container(510).ListItem.Property(type),recorded)">[B]$INFO[Container(510).ListItem.label][/B]</value>
		<value condition="StringCompare(Container(510).ListItem.Property(special), systeminfo)">[B]$INFO[Container(510).ListItem.label][/B] $INFO[Container(510).ListItem.label2]</value>
		<value condition="!IsEmpty(Container(510).ListItem.Title) + SubString(Container(510).ListItem.FolderPath, pvr://)">[B]$INFO[Container(510).ListItem.Title][/B]</value>
        <value condition="!IsEmpty(Container(510).ListItem.Season) + !IsEmpty(Container(510).ListItem.Episode) + !StringCompare(Container(510).ListItem.TvShowTitle,Container(510).ListItem.Title)">[B][UPPERCASE]S$INFO[Container(510).ListItem.Season]E$INFO[Container(510).ListItem.Episode]:[/UPPERCASE] $INFO[Container(510).ListItem.Title][/B]</value>
        <value condition="!IsEmpty(Container(510).ListItem.Title)">[B]$INFO[Container(510).ListItem.Title][/B]</value>
		<value condition="!IsEmpty(Container(510).ListItem.Label)">[B]$INFO[Container(510).ListItem.Label][/B]</value>
    </variable>
    <variable name="HomeWin10SpotLightWidgetInfoLabel2">
		<value condition="SubString(Container(300).ListItem.Property(widgetPath), plugin.video.youtube)">[B]$INFO[Container(520).ListItem.label][CR]$INFO[Container(520).ListItem.label2][/B]</value>
		<value condition="StringCompare(Container(300).ListItem.Property(widget), smart-pvr) + StringCompare(Container(520).ListItem.Property(type),livechannel)">[B]$INFO[Container(520).ListItem.Property(title)][/B]</value>
		<value condition="StringCompare(Container(300).ListItem.Property(widget), smart-pvr) + StringCompare(Container(520).ListItem.Property(type),recorded)">[B]$INFO[Container(520).ListItem.label][/B]</value>
		<value condition="StringCompare(Container(520).ListItem.Property(special), systeminfo)">[B]$INFO[Container(520).ListItem.label][/B] $INFO[Container(520).ListItem.label2]</value>
		<value condition="!IsEmpty(Container(520).ListItem.Title) + SubString(Container(520).ListItem.FolderPath, pvr://)">[B]$INFO[Container(520).ListItem.Title][/B]</value>
        <value condition="!IsEmpty(Container(520).ListItem.Season) + !IsEmpty(Container(520).ListItem.Episode) + !StringCompare(Container(520).ListItem.TvShowTitle,Container(520).ListItem.Title)">[B][UPPERCASE]S$INFO[Container(520).ListItem.Season]E$INFO[Container(520).ListItem.Episode]:[/UPPERCASE] $INFO[Container(520).ListItem.Title][/B]</value>
        <value condition="!IsEmpty(Container(520).ListItem.Title)">[B]$INFO[Container(520).ListItem.Title][/B]</value>
		<value condition="!IsEmpty(Container(520).ListItem.Label)">[B]$INFO[Container(520).ListItem.Label][/B]</value>
    </variable>
    <variable name="HomeWin10SpotLightWidgetInfoLabel3">
		<value condition="SubString(Container(300).ListItem.Property(widgetPath), plugin.video.youtube)">[B]$INFO[Container(530).ListItem.label][CR]$INFO[Container(530).ListItem.label2][/B]</value>
		<value condition="StringCompare(Container(300).ListItem.Property(widget), smart-pvr) + StringCompare(Container(530).ListItem.Property(type),livechannel)">[B]$INFO[Container(530).ListItem.Property(title)][/B]</value>
		<value condition="StringCompare(Container(300).ListItem.Property(widget), smart-pvr) + StringCompare(Container(530).ListItem.Property(type),recorded)">[B]$INFO[Container(530).ListItem.label][/B]</value>
		<value condition="StringCompare(Container(530).ListItem.Property(special), systeminfo)">[B]$INFO[Container(530).ListItem.label][/B] $INFO[Container(530).ListItem.label2]</value>
		<value condition="!IsEmpty(Container(530).ListItem.Title) + SubString(Container(530).ListItem.FolderPath, pvr://)">[B]$INFO[Container(530).ListItem.Title][/B]</value>
        <value condition="!IsEmpty(Container(530).ListItem.Season) + !IsEmpty(Container(530).ListItem.Episode) + !StringCompare(Container(530).ListItem.TvShowTitle,Container(530).ListItem.Title)">[B][UPPERCASE]S$INFO[Container(530).ListItem.Season]E$INFO[Container(530).ListItem.Episode]:[/UPPERCASE] $INFO[Container(530).ListItem.Title][/B]</value>
        <value condition="!IsEmpty(Container(530).ListItem.Title)">[B]$INFO[Container(530).ListItem.Title][/B]</value>
		<value condition="!IsEmpty(Container(530).ListItem.Label)">[B]$INFO[Container(530).ListItem.Label][/B]</value>
    </variable>
    <variable name="HomeWin10SpotLightWidgetInfoLabel4">
		<value condition="SubString(Container(300).ListItem.Property(widgetPath), plugin.video.youtube)">[B]$INFO[Container(540).ListItem.label][CR]$INFO[Container(540).ListItem.label2][/B]</value>
		<value condition="StringCompare(Container(300).ListItem.Property(widget), smart-pvr) + StringCompare(Container(540).ListItem.Property(type),livechannel)">[B]$INFO[Container(540).ListItem.Property(title)][/B]</value>
		<value condition="StringCompare(Container(300).ListItem.Property(widget), smart-pvr) + StringCompare(Container(540).ListItem.Property(type),recorded)">[B]$INFO[Container(540).ListItem.label][/B]</value>
		<value condition="StringCompare(Container(540).ListItem.Property(special), systeminfo)">[B]$INFO[Container(540).ListItem.label][/B] $INFO[Container(540).ListItem.label2]</value>
		<value condition="!IsEmpty(Container(540).ListItem.Title) + SubString(Container(540).ListItem.FolderPath, pvr://)">[B]$INFO[Container(540).ListItem.Title][/B]</value>
        <value condition="!IsEmpty(Container(540).ListItem.Season) + !IsEmpty(Container(540).ListItem.Episode) + !StringCompare(Container(540).ListItem.TvShowTitle,Container(540).ListItem.Title)">[B][UPPERCASE]S$INFO[Container(540).ListItem.Season]E$INFO[Container(540).ListItem.Episode]:[/UPPERCASE] $INFO[Container(540).ListItem.Title][/B]</value>
        <value condition="!IsEmpty(Container(540).ListItem.Title)">[B]$INFO[Container(540).ListItem.Title][/B]</value>
		<value condition="!IsEmpty(Container(540).ListItem.Label)">[B]$INFO[Container(540).ListItem.Label][/B]</value>
    </variable>
    <variable name="HomeWin10SpotLightWidgetInfoSubTitle1">
        <value condition="!IsEmpty(Container(510).ListItem.TvShowTitle) + !IsEmpty(Container(510).ListItem.Genre)">[B]$INFO[Container(510).ListItem.TvShowTitle,, • ]$INFO[Container(510).ListItem.Year,, • ]$INFO[Container(510).ListItem.Genre][/B]</value>
        <value condition="!IsEmpty(Container(510).ListItem.TvShowTitle)">[B]$INFO[Container(510).ListItem.TvShowTitle,, • ]$INFO[Container(510).ListItem.Premiered,, • ]$INFO[Container(510).ListItem.Duration,,min.][/B]</value>
        <value condition="!IsEmpty(Container(510).ListItem.Year)">[B]$INFO[Container(510).ListItem.Year,, • ]$INFO[Container(510).ListItem.Duration,,min. • ]$INFO[Container(510).ListItem.Genre][/B]</value>
        <value condition="!IsEmpty(Container(510).ListItem.Artist) + !IsEmpty(Container(510).ListItem.Album)">[B]$INFO[Container(510).ListItem.Artist,, • ]$INFO[Container(510).ListItem.Album,, • ]$INFO[Container(510).ListItem.Duration][/B]</value>
        <value condition="!IsEmpty(Container(510).ListItem.Property(StartTime))">[B]$INFO[Container(510).ListItem.Property(ChannelName),, • ]$INFO[Container(510).ListItem.Property(StartTime),, - ]$INFO[Container(510).ListItem.Property(EndTime),, • ]$INFO[Container(510).ListItem.Genre][/B]</value>
		<value condition="!IsEmpty(Container(510).ListItem.StartTime)">[B]$INFO[Container(510).ListItem.ChannelName,, • ]$INFO[Container(510).ListItem.StartTime,, - ]$INFO[Container(510).ListItem.EndTime,, • ]$INFO[Container(510).ListItem.Genre][/B]</value>
    </variable>
    <variable name="HomeWin10SpotLightWidgetInfoPlot1">
		<value condition="!IsEmpty(Container(510).ListItem.Property(ShortPlot))">$INFO[Container(510).ListItem.Property(ShortPlot)]</value>
		<value condition="!IsEmpty(Container(510).ListItem.Plot)">$INFO[Container(510).ListItem.Plot]</value>
		<value condition="!IsEmpty(Container(510).ListItem.Property(Plot))">$INFO[Container(510).ListItem.Property(Plot)]$INFO[Container(510).ListItem.label2,[CR]]</value>
        <value condition="!IsEmpty(Container(510).ListItem.Property(Album_Description))">$INFO[Container(510).ListItem.Property(Album_Description)]</value>
        <value condition="!IsEmpty(Container(510).ListItem.Property(Artist_Description))">$INFO[Container(510).ListItem.Property(Artist_Description)]</value>
        <value condition="!IsEmpty(Container(510).ListItem.PictureDesc)">$INFO[Container(510).ListItem.PictureDesc]</value>
        <value condition="!IsEmpty(Container(510).ListItem.PictureComment)">$INFO[Container(510).ListItem.PictureComment]</value>
        <value condition="!IsEmpty(Container(510).ListItem.PictureKeywords)">$INFO[Container(510).ListItem.PictureKeywords]</value>
        <value condition="!IsEmpty(Window(home).Property(SkinHelper.Music.Info))">$INFO[Window(home).Property(SkinHelper.Music.Info)]</value>
    </variable>
    <variable name="HomeWin10SpotLightWidgetInfoSubTitle2">
        <value condition="!IsEmpty(Container(520).ListItem.TvShowTitle) + !IsEmpty(Container(520).ListItem.Genre)">[B]$INFO[Container(520).ListItem.TvShowTitle,, • ]$INFO[Container(520).ListItem.Year,, • ]$INFO[Container(520).ListItem.Genre][/B]</value>
        <value condition="!IsEmpty(Container(520).ListItem.TvShowTitle)">[B]$INFO[Container(520).ListItem.TvShowTitle,, • ]$INFO[Container(520).ListItem.Premiered,, • ]$INFO[Container(520).ListItem.Duration,,min.][/B]</value>
        <value condition="!IsEmpty(Container(520).ListItem.Year)">[B]$INFO[Container(520).ListItem.Year,, • ]$INFO[Container(520).ListItem.Duration,,min. • ]$INFO[Container(520).ListItem.Genre][/B]</value>
        <value condition="!IsEmpty(Container(520).ListItem.Artist) + !IsEmpty(Container(520).ListItem.Album)">[B]$INFO[Container(520).ListItem.Artist,, • ]$INFO[Container(520).ListItem.Album,, • ]$INFO[Container(520).ListItem.Duration][/B]</value>
        <value condition="!IsEmpty(Container(520).ListItem.Property(StartTime))">[B]$INFO[Container(520).ListItem.Property(ChannelName),, • ]$INFO[Container(520).ListItem.Property(StartTime),, - ]$INFO[Container(520).ListItem.Property(EndTime),, • ]$INFO[Container(520).ListItem.Genre][/B]</value>
		<value condition="!IsEmpty(Container(520).ListItem.StartTime)">[B]$INFO[Container(520).ListItem.ChannelName,, • ]$INFO[Container(520).ListItem.StartTime,, - ]$INFO[Container(520).ListItem.EndTime,, • ]$INFO[Container(520).ListItem.Genre][/B]</value>
    </variable>
    <variable name="HomeWin10SpotLightWidgetInfoPlot2">
		<value condition="!IsEmpty(Container(520).ListItem.Property(ShortPlot))">$INFO[Container(520).ListItem.Property(ShortPlot)]</value>
		<value condition="!IsEmpty(Container(520).ListItem.Plot)">$INFO[Container(520).ListItem.Plot]</value>
		<value condition="!IsEmpty(Container(520).ListItem.Property(Plot))">$INFO[Container(520).ListItem.Property(Plot)]$INFO[Container(520).ListItem.label2,[CR]]</value>
        <value condition="!IsEmpty(Container(520).ListItem.Property(Album_Description))">$INFO[Container(520).ListItem.Property(Album_Description)]</value>
        <value condition="!IsEmpty(Container(520).ListItem.Property(Artist_Description))">$INFO[Container(520).ListItem.Property(Artist_Description)]</value>
        <value condition="!IsEmpty(Container(520).ListItem.PictureDesc)">$INFO[Container(520).ListItem.PictureDesc]</value>
        <value condition="!IsEmpty(Container(520).ListItem.PictureComment)">$INFO[Container(520).ListItem.PictureComment]</value>
        <value condition="!IsEmpty(Container(520).ListItem.PictureKeywords)">$INFO[Container(520).ListItem.PictureKeywords]</value>
        <value condition="!IsEmpty(Window(home).Property(SkinHelper.Music.Info))">$INFO[Window(home).Property(SkinHelper.Music.Info)]</value>
    </variable>
    <variable name="HomeWin10SpotLightWidgetInfoSubTitle3">
        <value condition="!IsEmpty(Container(530).ListItem.TvShowTitle) + !IsEmpty(Container(530).ListItem.Genre)">[B]$INFO[Container(530).ListItem.TvShowTitle,, • ]$INFO[Container(530).ListItem.Year,, • ]$INFO[Container(530).ListItem.Genre][/B]</value>
        <value condition="!IsEmpty(Container(530).ListItem.TvShowTitle)">[B]$INFO[Container(530).ListItem.TvShowTitle,, • ]$INFO[Container(530).ListItem.Premiered,, • ]$INFO[Container(530).ListItem.Duration,,min.][/B]</value>
        <value condition="!IsEmpty(Container(530).ListItem.Year)">[B]$INFO[Container(530).ListItem.Year,, • ]$INFO[Container(530).ListItem.Duration,,min. • ]$INFO[Container(530).ListItem.Genre][/B]</value>
        <value condition="!IsEmpty(Container(530).ListItem.Artist) + !IsEmpty(Container(530).ListItem.Album)">[B]$INFO[Container(530).ListItem.Artist,, • ]$INFO[Container(530).ListItem.Album,, • ]$INFO[Container(530).ListItem.Duration][/B]</value>
        <value condition="!IsEmpty(Container(530).ListItem.Property(StartTime))">[B]$INFO[Container(530).ListItem.Property(ChannelName),, • ]$INFO[Container(530).ListItem.Property(StartTime),, - ]$INFO[Container(530).ListItem.Property(EndTime),, • ]$INFO[Container(530).ListItem.Genre][/B]</value>
		<value condition="!IsEmpty(Container(530).ListItem.StartTime)">[B]$INFO[Container(530).ListItem.ChannelName,, • ]$INFO[Container(530).ListItem.StartTime,, - ]$INFO[Container(530).ListItem.EndTime,, • ]$INFO[Container(530).ListItem.Genre][/B]</value>
     </variable>
    <variable name="HomeWin10SpotLightWidgetInfoPlot3">
		<value condition="!IsEmpty(Container(530).ListItem.Property(ShortPlot))">$INFO[Container(530).ListItem.Property(ShortPlot)]</value>
		<value condition="!IsEmpty(Container(530).ListItem.Plot)">$INFO[Container(530).ListItem.Plot]</value>
		<value condition="!IsEmpty(Container(530).ListItem.Property(Plot))">$INFO[Container(530).ListItem.Property(Plot)]$INFO[Container(530).ListItem.label2,[CR]]</value>
        <value condition="!IsEmpty(Container(530).ListItem.Property(Album_Description))">$INFO[Container(530).ListItem.Property(Album_Description)]</value>
        <value condition="!IsEmpty(Container(530).ListItem.Property(Artist_Description))">$INFO[Container(530).ListItem.Property(Artist_Description)]</value>
        <value condition="!IsEmpty(Container(530).ListItem.PictureDesc)">$INFO[Container(530).ListItem.PictureDesc]</value>
        <value condition="!IsEmpty(Container(530).ListItem.PictureComment)">$INFO[Container(530).ListItem.PictureComment]</value>
        <value condition="!IsEmpty(Container(530).ListItem.PictureKeywords)">$INFO[Container(530).ListItem.PictureKeywords]</value>
        <value condition="!IsEmpty(Window(home).Property(SkinHelper.Music.Info))">$INFO[Window(home).Property(SkinHelper.Music.Info)]</value>
    </variable>
    <variable name="HomeWin10SpotLightWidgetInfoSubTitle4">
        <value condition="!IsEmpty(Container(540).ListItem.TvShowTitle) + !IsEmpty(Container(540).ListItem.Genre)">[B]$INFO[Container(540).ListItem.TvShowTitle,, • ]$INFO[Container(540).ListItem.Year,, • ]$INFO[Container(540).ListItem.Genre][/B]</value>
        <value condition="!IsEmpty(Container(540).ListItem.TvShowTitle)">[B]$INFO[Container(540).ListItem.TvShowTitle,, • ]$INFO[Container(540).ListItem.Premiered,, • ]$INFO[Container(540).ListItem.Duration,,min.][/B]</value>
        <value condition="!IsEmpty(Container(540).ListItem.Year)">[B]$INFO[Container(540).ListItem.Year,, • ]$INFO[Container(540).ListItem.Duration,,min. • ]$INFO[Container(540).ListItem.Genre][/B]</value>
        <value condition="!IsEmpty(Container(540).ListItem.Artist) + !IsEmpty(Container(540).ListItem.Album)">[B]$INFO[Container(540).ListItem.Artist,, • ]$INFO[Container(540).ListItem.Album,, • ]$INFO[Container(540).ListItem.Duration][/B]</value>
        <value condition="!IsEmpty(Container(540).ListItem.Property(StartTime))">[B]$INFO[Container(540).ListItem.Property(ChannelName),, • ]$INFO[Container(540).ListItem.Property(StartTime),, - ]$INFO[Container(540).ListItem.Property(EndTime),, • ]$INFO[Container(540).ListItem.Genre][/B]</value>
		<value condition="!IsEmpty(Container(540).ListItem.StartTime)">[B]$INFO[Container(540).ListItem.ChannelName,, • ]$INFO[Container(540).ListItem.StartTime,, - ]$INFO[Container(540).ListItem.EndTime,, • ]$INFO[Container(540).ListItem.Genre][/B]</value>
    </variable>
    <variable name="HomeWin10SpotLightWidgetInfoPlot4">
		<value condition="!IsEmpty(Container(540).ListItem.Property(ShortPlot))">$INFO[Container(540).ListItem.Property(ShortPlot)]</value>
		<value condition="!IsEmpty(Container(540).ListItem.Plot)">$INFO[Container(540).ListItem.Plot]</value>
		<value condition="!IsEmpty(Container(540).ListItem.Property(Plot))">$INFO[Container(540).ListItem.Property(Plot)]$INFO[Container(540).ListItem.label2,[CR]]</value>
        <value condition="!IsEmpty(Container(540).ListItem.Property(Album_Description))">$INFO[Container(540).ListItem.Property(Album_Description)]</value>
        <value condition="!IsEmpty(Container(540).ListItem.Property(Artist_Description))">$INFO[Container(540).ListItem.Property(Artist_Description)]</value>
        <value condition="!IsEmpty(Container(540).ListItem.PictureDesc)">$INFO[Container(540).ListItem.PictureDesc]</value>
        <value condition="!IsEmpty(Container(540).ListItem.PictureComment)">$INFO[Container(540).ListItem.PictureComment]</value>
        <value condition="!IsEmpty(Container(540).ListItem.PictureKeywords)">$INFO[Container(540).ListItem.PictureKeywords]</value>
        <value condition="!IsEmpty(Window(home).Property(SkinHelper.Music.Info))">$INFO[Window(home).Property(SkinHelper.Music.Info)]</value>
    </variable>
    <variable name="HomeWin10SpotLightWidgetImage1">
		<value condition="!IsEmpty(Container(510).ListItem.Art(fanart)) + !StringCompare(Container(300).ListItem.Property(widget),youtube)">$INFO[Container(510).ListItem.Art(fanart)]</value>
		<value condition="!IsEmpty(Container(510).ListItem.Art(tvshow.fanart))">$INFO[Container(510).ListItem.Art(tvshow.fanart)]</value>
		<value condition="!IsEmpty(Container(510).ListItem.Property(fanart))">$INFO[Container(510).ListItem.Property(fanart)]</value>
		<value condition="!IsEmpty(Container(510).ListItem.Icon)">$INFO[Container(510).ListItem.Icon]</value>
    </variable>
    <variable name="HomeWin10SpotLightWidgetImage2">
		<value condition="!IsEmpty(Container(520).ListItem.Art(fanart)) + !StringCompare(Container(300).ListItem.Property(widget),youtube)">$INFO[Container(520).ListItem.Art(fanart)]</value>
		<value condition="!IsEmpty(Container(520).ListItem.Art(tvshow.fanart))">$INFO[Container(520).ListItem.Art(tvshow.fanart)]</value>
		<value condition="!IsEmpty(Container(520).ListItem.Property(fanart))">$INFO[Container(520).ListItem.Property(fanart)]</value>
		<value condition="!IsEmpty(Container(520).ListItem.Icon)">$INFO[Container(520).ListItem.Icon]</value>
    </variable>
    <variable name="HomeWin10SpotLightWidgetImage3">
		<value condition="!IsEmpty(Container(530).ListItem.Art(fanart)) + !StringCompare(Container(300).ListItem.Property(widget),youtube)">$INFO[Container(530).ListItem.Art(fanart)]</value>
		<value condition="!IsEmpty(Container(530).ListItem.Art(tvshow.fanart))">$INFO[Container(530).ListItem.Art(tvshow.fanart)]</value>
		<value condition="!IsEmpty(Container(530).ListItem.Property(fanart))">$INFO[Container(530).ListItem.Property(fanart)]</value>
		<value condition="!IsEmpty(Container(530).ListItem.Icon)">$INFO[Container(530).ListItem.Icon]</value>
    </variable>
    <variable name="HomeWin10SpotLightWidgetImage4">
		<value condition="!IsEmpty(Container(540).ListItem.Art(fanart)) + !StringCompare(Container(300).ListItem.Property(widget),youtube)">$INFO[Container(540).ListItem.Art(fanart)]</value>
		<value condition="!IsEmpty(Container(540).ListItem.Art(tvshow.fanart))">$INFO[Container(540).ListItem.Art(tvshow.fanart)]</value>
		<value condition="!IsEmpty(Container(540).ListItem.Property(fanart))">$INFO[Container(540).ListItem.Property(fanart)]</value>
		<value condition="!IsEmpty(Container(540).ListItem.Icon)">$INFO[Container(540).ListItem.Icon]</value>
    </variable>
    
</includes>