<?xml version="1.0" encoding="utf-8"?>
<!--Titan-->
<includes>
    <!--NowPlayingMusic-->
    <include name="NowPlayingMusicClassic">
        <control type="group" id="9999">
            <!--Panel-->
            <visible>!Skin.HasSetting(DisableNowPlayingInfoBar)</visible>
            <visible>Player.HasAudio</visible>
            <visible>!Window.IsActive(settings) + !Window.IsActive(SettingsCategory.xml)  + !Window.IsActive(systeminfo) + !Window.IsActive(skinsettings) + !Control.IsVisible(57)</visible>
            <visible>!Window.IsActive(infodialog) + !Window.IsActive(extendedprogressdialog) + !Window.IsActive(movieinformation)</visible>
			<visible>IsEmpty(Window(Home).Property(ThemeMediaMB3IsAlive))</visible>
			<visible>IsEmpty(Window(10025).Property(PlayingBackgroundMedia)) + IsEmpty(Window(Home).Property(TrailerPlaying))</visible>
            <posx>650</posx>
            <posy>-30</posy>
            <control type="image">
                <!--Panel-->
                <posx>0</posx>
                <posy>0</posy>
                <width>633</width>
                <height>238</height>
                <texture>dialogs/nowplayingclassic/nowplaying_music.png</texture>
            </control>
            <control type="image">
                <!--Cover-->
                <posx>90</posx>
                <posy>44</posy>
                <width>133</width>
                <height>133</height>
                <fadetime>200</fadetime>
                <texture background="true" fallback="colors/color_keyboard.png" diffuse="diffuse/music_cover.png">$VAR[AudioPlayerCoverImage]</texture>
                <aspectratio align="center" aligny="top">stretch</aspectratio>
            </control>
            <control type="label">
                <!--Now Playing-->
                <posx>255</posx>
                <posy>40</posy>
                <width>285</width>
                <align>left</align>
                <font>Reg28</font>
                <textcolor>darkgrey</textcolor>
                <label>31040</label>
            </control>
            <control type="fadelabel">
                <!--Title-->
                <posx>255</posx>
                <posy>75</posy>
                <width>285</width>
                <align>left</align>
                <font>Reg30</font>
                <textcolor>darkgrey</textcolor>
                <label>$INFO[MusicPlayer.Artist] - $INFO[MusicPlayer.Title]</label>
                <visible>!IsEmpty(MusicPlayer.Artist)</visible>
            </control>
            <control type="label">
                <!--Play Time-->
                <posx>255</posx>
                <posy>125</posy>
                <width>285</width>
                <align>left</align>
                <font>Reg28</font>
                <textcolor>darkgrey</textcolor>
                <label>$INFO[Player.Time] / $INFO[Player.Duration]</label>
                <visible>!IsEmpty(Player.Duration)</visible>
            </control>
            <control type="label">
                <!--Play Time-->
                <posx>255</posx>
                <posy>125</posy>
                <width>285</width>
                <align>left</align>
                <font>Reg28</font>
                <textcolor>darkgrey</textcolor>
                <label>$INFO[Player.Time]</label>
                <visible>IsEmpty(Player.Duration)</visible>
            </control>
            <control type="progress">
                <!--Process-->
                <posx>255</posx>
                <posy>124</posy>
                <width>285</width>
                <texturebg></texturebg>
                <midtexture border="4">common/progress/ProgressMidSmall.png</midtexture>
                <info>Player.Progress</info>
                <visible>true</visible>
            </control>
        </control>
    </include>
    <!--NowPlayingVideo-->
    <include name="NowPlayingVideoClassic">
        <control type="group" id="9999">
            <!--Panel-->
            <visible>!Skin.HasSetting(DisableNowPlayingInfoBar)</visible>
            <visible>Player.HasVideo</visible>
            <visible>!Window.IsActive(settings) + !Window.IsActive(SettingsCategory.xml)  + !Window.IsActive(systeminfo) + !Window.IsActive(skinsettings) + !Control.IsVisible(57)</visible>
            <visible>!Window.IsActive(infodialog) + !Window.IsActive(extendedprogressdialog) + !Window.IsActive(movieinformation)</visible>
			<visible>IsEmpty(Window(Home).Property(ThemeMediaMB3IsAlive))</visible>
			<visible>IsEmpty(Window(10025).Property(PlayingBackgroundMedia)) + IsEmpty(Window(Home).Property(TrailerPlaying))</visible>
            <posx>590</posx>
            <posy>-30</posy>
            <control type="image">
                <!--Panel-->
                <posx>0</posx>
                <posy>0</posy>
                <width>734</width>
                <height>238</height>
                <texture>dialogs/nowplayingclassic/nowplaying_video.png</texture>
            </control>
            <control type="image">
                <!--Black Back-->
                <posx>90</posx>
                <posy>44</posy>
                <width>240</width>
                <!-- +8 -->
                <height>131</height>
                <!-- +2 -->
                <texture>>colors/color_black.png</texture>
            </control>
            <control type="label">
                <!--Now Playing-->
                <posx>355</posx>
                <posy>40</posy>
                <width>285</width>
                <align>left</align>
                <font>Reg28</font>
                <textcolor>darkgrey</textcolor>
                <label>31040</label>
            </control>
            <control type="fadelabel">
                <!--Title-->
                <posx>357</posx>
                <posy>75</posy>
                <width>285</width>
                <align>left</align>
                <font>Bold34</font>
                <textcolor>darkgrey</textcolor>
                <label>$INFO[VideoPlayer.Title]</label>
                <scroll>false</scroll>
            </control>
            <control type="label">
                <!--Play Time-->
                <posx>355</posx>
                <posy>125</posy>
                <width>285</width>
                <align>left</align>
                <font>Reg28</font>
                <textcolor>darkgrey</textcolor>
                <label>$INFO[Player.Time] / $INFO[Player.Duration]</label>
            </control>
            <control type="progress">
                <!--Process-->
                <posx>357</posx>
                <posy>124</posy>
                <width>285</width>
                <texturebg></texturebg>
                <midtexture border="4">common/progress/ProgressMidSmall.png</midtexture>
                <info>Player.Progress</info>
                <visible>true</visible>
            </control>
        </control>
        <control type="group">
            <!--Video Window-->
            <visible>Player.HasVideo</visible>
            <visible>!Skin.HasSetting(DisableNowPlayingInfoBar)</visible>
            <animation effect="slide" start="1500" end="0" time="0" delay="1500" reversible="false">WindowOpen</animation>
            <animation effect="slide" start="0" end="1500" time="0" reversible="false">WindowClose</animation>
            <animation effect="slide" start="1500" end="0" time="0" delay="1500" reversible="false">Visible</animation>
            <animation effect="slide" start="0" end="1500" time="0" reversible="false">Hidden</animation>
            <visible>!Window.IsActive(settings) + !Window.IsActive(SettingsCategory.xml)  + !Window.IsActive(systeminfo) + !Window.IsActive(skinsettings) + !Control.IsVisible(57)</visible>
            <visible>!Window.IsActive(infodialog) + !Window.IsActive(extendedprogressdialog)</visible>
            <visible>![Window.IsActive(movieinformation) + !substring(ListItem.Path,plugin)]</visible>
			<visible>IsEmpty(Window(10025).Property(PlayingBackgroundMedia))</visible>
            <posx>590</posx>
            <posy>-30</posy>
            <control type="videowindow">
                <!--Video Window-->
                <posx>94</posx>
                <posy>45</posy>
                <width>232</width>
                <!--1,777-->
                <height>131</height>
            </control>
        </control>
    </include>

	<include name="NowPlayingModern">
		<include condition="!Skin.HasSetting(DisableNowPlayingBackground)">NowPlayingBackground</include>
        <include condition="!Skin.HasSetting(DisableNowPlayingInfoBar)">NowPlayingInfoBar</include>
    </include>
	
    <include name="NowPlayingInfoBar">
        <control type="group" id="88888">
            <!--Panel-->
            <visible>!Skin.HasSetting(DisableNowPlayingInfoBar)</visible>
            <visible>!Window.IsActive(infodialog) + !Window.IsActive(extendedprogressdialog) + !ControlGroup(400).HasFocus() + !Control.IsVisible(77551)</visible>
			<visible>[[Player.HasVideo + !IsEmpty(VideoPlayer.Title)] | [Player.HasAudio + !IsEmpty(MusicPlayer.Title)] | Player.IsInternetStream]</visible>
			<visible>IsEmpty(Window(10025).Property(PlayingBackgroundMedia)) + IsEmpty(Window(Home).Property(TrailerPlaying))</visible>
			<include>DimensionsFullscreen</include>
			<animation effect="slide" start="0,-400" end="0,0" tween="cubic" easing="out" delay="0" time="250" reversible="false">Visible</animation>
			<animation effect="slide" start="0,0" end="0,-400" tween="cubic" easing="out" delay="0" time="250" reversible="false">Hidden</animation>
			
            <control type="image">
				<posx>0</posx>
				<posy>0</posy>
				<width>100%</width>
				<height>140</height>
				<texture border="5">diffuse/panel.png</texture>
				<colordiffuse>$INFO[Skin.String(GeneralPanelsColor)]</colordiffuse>
				<visible>![[Skin.String(HomeLayout, simplever) | Skin.String(HomeLayout, simplever_tiles) | Skin.String(HomeLayout, verticalbig)] + window.isactive(home)]</visible>
			</control>
            <control type="fadelabel">
                <!--Now Playing-->
                <posx>310</posx>
                <posy>15</posy>
                <width>885</width>
                <align>left</align>
                <font>Reg28</font>
                <textcolor>$INFO[Skin.String(GeneralTextColor)]</textcolor>
                <label>$VAR[NowPlayingLabel]</label>
				<animation effect="slide" time="0" start="0" end="140" reversible="false" condition="[Skin.String(HomeLayout, simplever) | Skin.String(HomeLayout, simplever_tiles) | Skin.String(HomeLayout, verticalbig)] + window.isactive(home)">Conditional</animation>
            </control>
            <control type="fadelabel">
                <!--Title-->
                <posx>310</posx>
                <posy>70</posy>
                <width>1100</width>
                <align>left</align>
                <font>Bold45</font>
                <textcolor>$INFO[Skin.String(GeneralTextColor)]</textcolor>
                <label>$VAR[NowPlayingTitle]</label>
                <scroll>false</scroll>
				<animation effect="slide" time="0" start="0" end="140" reversible="false" condition="[Skin.String(HomeLayout, simplever) | Skin.String(HomeLayout, simplever_tiles) | Skin.String(HomeLayout, verticalbig)] + window.isactive(home)">Conditional</animation>
            </control>
			<!-- cd cover -->
			<control type="image">
				<posx>110</posx>
				<posy>10</posy>
				<width>123</width>
				<height>123</height>
				<aligny>center</aligny>
				<aspectratio scalediffuse="false" align="center" aligny="center">scale</aspectratio>
				<fadetime>300</fadetime>
				<animation effect="rotate" end="-360" center="auto" time="4800" loop="true" reversible="false" condition="!Player.Paused">Conditional</animation>
				<texture background="true" fallback="defaultcovers/cd_small.png" diffuse="diffuse/cdmask_small.png">$VAR[AudioDiscArtImage]</texture>
				<visible>Player.HasAudio + !Skin.HasSetting(DisableNowPlayingDiscArt)</visible>
				<visible>![[Skin.String(HomeLayout, simplever) | Skin.String(HomeLayout, simplever_tiles) | Skin.String(HomeLayout, verticalbig)] + window.isactive(home)]</visible>
			</control>
			<control type="image">
				<!--Music bg-->
				<posx>60</posx>
                <posy>10</posy>
				<width>123</width>
				<height>123</height>
				<fadetime>200</fadetime>
				<aspectratio scalediffuse="true" align="center" aligny="center">stretch</aspectratio>
				<texture border="5">diffuse/music_cover_cd_medium.png</texture>
				<colordiffuse>$INFO[Skin.String(GeneralPanelsColor)]</colordiffuse>
				<visible>Player.HasAudio</visible>
				<visible>![[Skin.String(HomeLayout, simplever) | Skin.String(HomeLayout, simplever_tiles) | Skin.String(HomeLayout, verticalbig)] + window.isactive(home)]</visible>
			</control>
			<control type="image">
				<!--music cover-->
				<posx>60</posx>
                <posy>10</posy>
				<width>123</width>
				<height>123</height>
				<fadetime>200</fadetime>
				<texture background="true" diffuse="diffuse/music_cover_cd_medium.png" border="5" fallback="DefaultAddonMusic.png">$INFO[Player.Art(thumb)]</texture>
				<aspectratio align="left" aligny="center">keep</aspectratio>
				<visible>Player.HasAudio</visible>
				<visible>![[Skin.String(HomeLayout, simplever) | Skin.String(HomeLayout, simplever_tiles) | Skin.String(HomeLayout, verticalbig)] + window.isactive(home)]</visible>
			</control>
			<control type="image">
				<!--Cover for all other-->
				<posx>60</posx>
                <posy>20</posy>
				<width>200</width>
				<height>110</height>
				<fadetime>200</fadetime>
				<texture background="true">$VAR[VideoPlayerCover]</texture>
				<aspectratio align="left" aligny="top">keep</aspectratio>
				<visible>Player.HasVideo</visible>
				<visible>![[Skin.String(HomeLayout, simplever) | Skin.String(HomeLayout, simplever_tiles) | Skin.String(HomeLayout, verticalbig)] + window.isactive(home)]</visible>
			</control>
			<!-- hidden button to go fullscreen on click -->
			<control type="button">
				<posx>-60</posx>
				<posy>-20</posy>
				<width>2040</width>
				<height>180</height>
				<align>center</align>
				<aligny>center</aligny>
				<font>Light28</font>
				<label>-</label>
				<textcolor>-</textcolor>
				<focusedcolor>-</focusedcolor>
				<disabledcolor>-</disabledcolor>
				<texturefocus>-</texturefocus>
				<texturenofocus>-</texturenofocus>
				<onclick condition="player.hasaudio">ActivateWindow(visualisation)</onclick>
				<onclick condition="player.hasvideo">ActivateWindow(fullscreenvideo)</onclick>
			</control>
            <!-- clock -->
            <control type="group">
			<animation type="Conditional" condition="Window.IsActive(mutebug) | Window.IsActive(volumebar)">
                <effect type="slide" start="0,0" end="-120,0" time="400" tween="cubic" easing="inout" delay="0" />
            </animation>
            <visible>!Skin.HasSetting(EnableTouchSupport)</visible>
            <control type="grouplist">
                <!--Time Grouplist Line 1-->
                <posx>1260</posx>
                <posy>10</posy>
                <width>600</width>
                <height>100</height>
                <align>right</align>
                <itemgap>4</itemgap>
                <orientation>horizontal</orientation>
                <usecontrolcoords>true</usecontrolcoords>
                <control type="label">
                    <!--Time-->
                    <width min="0" max="300">auto</width>
                    <height>100</height>
                    <info>System.Time(hh:mm)</info>
                    <font>Bold55</font>
                    <textcolor>$INFO[Skin.String(GeneralTextColor)]</textcolor>
                </control>
                <control type="label">
                    <!--AM-->
                    <visible>substring(system.time,AM,right)</visible>
                    <width min="0" max="150">auto</width>
                    <height>100</height>
                    <label>378</label>
                    <font>Bold55</font>
                    <textcolor>$INFO[Skin.String(GeneralTextColor)]</textcolor>
                </control>
                <control type="label">
                    <!--PM-->
                    <visible>substring(system.time,PM,right)</visible>
                    <width min="0" max="150">auto</width>
                    <height>100</height>
                    <label>379</label>
                    <font>Bold55</font>
                    <textcolor>$INFO[Skin.String(GeneralTextColor)]</textcolor>
                </control>
            </control>
            <control type="grouplist">
                <!--Date Grouplist Line 2-->
                <posx>1260</posx>
                <posy>85</posy>
                <width>600</width>
                <height>50</height>
                <align>right</align>
                <itemgap>4</itemgap>
                <orientation>horizontal</orientation>
                <usecontrolcoords>true</usecontrolcoords>
                <control type="label">
                    <!--Day-->
                    <width min="0" max="400">auto</width>
                    <height>50</height>
                    <info>System.Date(DDD)</info>
                    <font>Reg30</font>
                    <textcolor>$INFO[Skin.String(GeneralTextColor)]</textcolor>
                </control>
                <control type="label">
                    <width min="0" max="400">auto</width>
                    <height>50</height>
                    <label>, </label>
                    <font>Reg30</font>
                    <textcolor>$INFO[Skin.String(GeneralTextColor)]</textcolor>
                </control>
                <control type="label">
                    <!--Date-->
                    <width min="0" max="400">auto</width>
                    <height>50</height>
                    <info>System.Date(d)</info>
                    <font>Reg30</font>
                    <textcolor>$INFO[Skin.String(GeneralTextColor)]</textcolor>
                </control>
                <control type="label">
                    <visible>SubString(System.Language,German)</visible>
                    <width min="0" max="400">auto</width>
                    <height>50</height>
                    <label>. </label>
                    <font>Reg30</font>
                    <textcolor>$INFO[Skin.String(GeneralTextColor)]</textcolor>
                </control>
                <control type="label">
                    <label></label>
                    <visible>!SubString(System.Language,German)</visible>
                    <width min="0" max="400">auto</width>
                    <height>50</height>
                    <font>Reg30</font>
                    <textcolor>$INFO[Skin.String(GeneralTextColor)]</textcolor>
                </control>
                <control type="label">
                    <!--Month-->
                    <width min="0" max="400">auto</width>
                    <height>50</height>
                    <info>System.Date(MMM)</info>
                    <font>Reg30</font>
                    <textcolor>$INFO[Skin.String(GeneralTextColor)]</textcolor>
                </control>
            </control>
        </control>
            <!-- OSD for touch mode -->
			<control type="grouplist">
                <!--OSD-->
                <right>60</right>
                <posy>55</posy>
                <width>280</width>
                <height>130</height>
                <itemgap>0</itemgap>
				<visible>Skin.HasSetting(EnableTouchSupport)</visible>
                <orientation>horizontal</orientation>
                <control type="togglebutton">
                    <!--Skip Back-->
                    <!--visible>ControlGroup(20).HasFocus()</visible-->
                    <include>animation_fade_visible_hidden</include>
                    <width>70</width>
                    <height>70</height>
                    <label>210</label>
                    <font>-</font>
                    <texturefocus colordiffuse="$INFO[Skin.String(OSDButtonsFocusColor)]">osd/rounded/PrevTrack.png</texturefocus>
                    <texturenofocus colordiffuse="$INFO[Skin.String(OSDButtonsColor)]">osd/rounded/PrevTrack.png</texturenofocus>
                    <usealttexture>VideoPlayer.Content(livetv)</usealttexture>
                    <alttexturefocus colordiffuse="$INFO[Skin.String(OSDButtonsFocusColor)]">osd/rounded/ChannelUP.png</alttexturefocus>
                    <alttexturenofocus colordiffuse="$INFO[Skin.String(OSDButtonsColor)]">osd/rounded/ChannelUP.png</alttexturenofocus>
                    <onclick>PlayerControl(Previous)</onclick>
                </control>
                <control type="togglebutton">
                    <label></label>
                    <altlabel></altlabel>
                    <include>animation_fade_visible_hidden</include>
                    <width>70</width>
                    <height>70</height>
                    <font>-</font>
                    <texturefocus colordiffuse="$INFO[Skin.String(OSDButtonsFocusColor)]">osd/rounded/Pause.png</texturefocus>
                    <texturenofocus colordiffuse="$INFO[Skin.String(OSDButtonsColor)]">osd/rounded/Pause.png</texturenofocus>
                    <usealttexture>Player.Paused | Player.Forwarding | Player.Rewinding</usealttexture>
                    <alttexturefocus colordiffuse="$INFO[Skin.String(OSDButtonsFocusColor)]">osd/rounded/Play.png</alttexturefocus>
                    <alttexturenofocus colordiffuse="$INFO[Skin.String(OSDButtonsColor)]">osd/rounded/Play.png</alttexturenofocus>
                    <onclick>PlayerControl(Play)</onclick>
                </control>
                <control type="button">
                    <label></label>
                    <!--Stop-->
                    <include>animation_fade_visible_hidden</include>
                    <width>70</width>
                    <height>70</height>
                    <font>-</font>
                    <texturefocus colordiffuse="$INFO[Skin.String(OSDButtonsFocusColor)]">osd/rounded/Stop.png</texturefocus>
                    <texturenofocus colordiffuse="$INFO[Skin.String(OSDButtonsColor)]">osd/rounded/Stop.png</texturenofocus>
                    <onclick>PlayerControl(Stop)</onclick>
                </control>
                <control type="togglebutton">
                    <!--Next-->
                    <include>animation_fade_visible_hidden</include>
                    <width>70</width>
                    <height>70</height>
                    <label>209</label>
                    <font>-</font>
                    <texturefocus colordiffuse="$INFO[Skin.String(OSDButtonsFocusColor)]">osd/rounded/NextTrack.png</texturefocus>
                    <texturenofocus colordiffuse="$INFO[Skin.String(OSDButtonsColor)]">osd/rounded/NextTrack.png</texturenofocus>
                    <usealttexture>VideoPlayer.Content(livetv)</usealttexture>
                    <alttexturefocus colordiffuse="$INFO[Skin.String(OSDButtonsFocusColor)]">osd/rounded/ChannelDown.png</alttexturefocus>
                    <alttexturenofocus colordiffuse="$INFO[Skin.String(OSDButtonsColor)]">osd/rounded/ChannelDown.png</alttexturenofocus>
                    <onclick>PlayerControl(Next)</onclick>
                </control>
            </control>
 		</control>
     </include>
    
	<include name="NowPlayingBackground">
		<control type="group">
        <visible>![!IsEmpty(Window(Home).Property(TrailerPlaying)) + SubString(Skin.String(videoinfo_traileraction),windowed)]</visible>
		<visible>[!Skin.HasSetting(DisableNowPlayingBackground) + Player.HasMedia + !Control.IsVisible(507) + !Control.IsVisible(movieinformation) + IsEmpty(Window(Home).Property(PlayingBackgroundMedia))] | [!IsEmpty(Window(Home).Property(PlayingBackgroundMedia)) + Player.HasVideo]</visible>
            <!-- black background -->
            <control type="image">
                <include>DimensionsFullscreen</include>
                <texture>colors/color_black.png</texture>
                <visible>IsEmpty(Window(10025).Property(PlayingBackgroundMedia)) + Player.HasVideo</visible>
            </control>
            <control type="visualisation" id="2">
				<description>visualisation</description>
				<include>DimensionsFullscreen</include>
				<visible>Player.HasAudio + ![StringCompare(Visualisation.Name,waveform) | StringCompare(Visualisation.Name,opengl spectrum) | StringCompare(Visualisation.Name,directx spectrum)]</visible>
				<visible>IsEmpty(Window(10025).Property(PlayingBackgroundMedia))</visible>
			</control>
            <!-- music wall background-->
			<control type="group">
				<visible>Player.HasAudio</visible>
				<control type="image" id="3334">
                    <left>-100</left>
                    <top>-100</top>
					<width>2020</width>
                    <height>1180</height>
					<fadetime>5500</fadetime>
					<texture background="true">$INFO[Window(Home).Property(SkinHelper.AllMusicSongsBackground.Wall)]</texture>
                    <visible>IsEmpty(Window(10025).Property(PlayingBackgroundMedia)) + Skin.HasSetting(enableMusicWall) + !IsEmpty(Window(Home).Property(SkinHelper.AllMusicSongsBackground.Wall))</visible>
                    <visible>![Control.IsVisible(3333) + !IsEmpty(Control.GetLabel(3333))]</visible>
                    <animation effect="fade" start="100" end="20" time="0" condition="![StringCompare(Visualisation.Name,waveform) | StringCompare(Visualisation.Name,opengl spectrum) | StringCompare(Visualisation.Name,directx spectrum) | IsEmpty(Visualisation.Name)]">Conditional</animation>
                    <animation effect="zoom" start="110" end="160" center="auto" time="20000" tween="cubic" easing="inout" pulse="true" condition="Skin.HasSetting(animateMusicWall)">Skin.HasSetting(animateMusicWall)</animation>
                    <animation effect="slide" start="-100,0" end="100,0" time="10000" tween="cubic" easing="inout" pulse="true" condition="Skin.HasSetting(animateMusicWall)">Skin.HasSetting(animateMusicWall)</animation>
                    <animation effect="slide" start="0,-100" end="0,100" time="15000" tween="cubic" easing="inout" pulse="true" condition="Skin.HasSetting(animateMusicWall)">Skin.HasSetting(animateMusicWall)</animation>
                </control>
			</control>
            <!-- artist (extra)fanart -->
			<control type="multiimage" id="3333">
				<aspectratio>scale</aspectratio>
				<include>DimensionsFullscreen</include>
				<timeperimage>10000</timeperimage>
				<randomize>true</randomize>
				<fadetime>600</fadetime>
				<loop>yes</loop>
				<imagepath background="true">$VAR[artist_fanart]</imagepath>
				<animation effect="fade" start="100" end="20" time="0" condition="![StringCompare(Visualisation.Name,waveform) | StringCompare(Visualisation.Name,opengl spectrum) | StringCompare(Visualisation.Name,directx spectrum) | IsEmpty(Visualisation.Name)]">Conditional</animation>
                <animation effect="zoom" start="110" end="130" center="auto" time="15000" tween="cubic" easing="inout" pulse="true" condition="Skin.HasSetting(BackgroundAnimation)">Conditional</animation>
				<animation effect="slide" start="-10,-10" end="10,10" time="8000" tween="cubic" easing="inout" pulse="true" condition="Skin.HasSetting(BackgroundAnimation)">Conditional</animation>
				<visible>Player.HasAudio + !Skin.String(MusicArtistFanart,disabled)</visible>
				<visible>IsEmpty(Window(10025).Property(PlayingBackgroundMedia))</visible>
			</control>
			<control type="visualisation" id="2">
				<description>visualisation</description>
				<include>DimensionsFullscreen</include>
				<visible>Player.HasAudio + [StringCompare(Visualisation.Name,waveform) | StringCompare(Visualisation.Name,opengl spectrum) | StringCompare(Visualisation.Name,directx spectrum)]</visible>
				<visible>IsEmpty(Window(10025).Property(PlayingBackgroundMedia))</visible>
			</control>
			<control type="videowindow">
				<include>DimensionsFullscreen</include>
				<visible>Player.HasVideo</visible>
			</control>
                 <control type="image" description="panel behind bg">
                <include>DimensionsFullscreen</include>
                <texture>colors/color_white.png</texture>
                <visible>!Window.IsActive(visualisation)</visible>
                <colordiffuse>$INFO[Skin.String(BackgroundDiffuseColor.base)]</colordiffuse>
                <visible>Skin.String(BackgroundDiffuseColor) + !Skin.String(BackgroundDiffuseColor, None) + ![Window.IsActive(tvguide) + !IsEmpty(Window(home).Property(pvrGuideOnFullscreenVideo))]</visible>
                <animation effect="fade" start="100" end="80" time="150" condition="Skin.String(BackgroundDiffuseColor) + !Skin.String(BackgroundDiffuseColor, None)">Conditional</animation>
                <visible>Player.HasMedia + ![!IsEmpty(Window(10025).Property(PlayingBackgroundMedia)) + Player.HasAudio]</visible>
            </control>
     			<!--Dialog Overlay-->
			<control type="group">
                <visible>!Window.IsActive(visualisation)</visible>
				<visible>Player.HasMedia + ![!IsEmpty(Window(10025).Property(PlayingBackgroundMedia)) + Player.HasAudio]</visible>
                <visible>![Window.IsActive(tvguide) + !IsEmpty(Window(home).Property(pvrGuideOnFullscreenVideo))]</visible>
				<include>DialogOverlay</include>
			</control>
		</control>
	</include>
    
    <variable name="artist_fanart">
        <value condition="Skin.String(MusicArtistFanart,slideshow) + !IsEmpty(Window(Home).Property(SkinHelper.Player.Music.ExtraFanArt))">$INFO[Window(Home).Property(SkinHelper.Player.Music.ExtraFanArt)]</value>
        <value condition="!Skin.String(MusicArtistFanart,disabled) + !IsEmpty(Window(Home).Property(SkinHelper.Player.Music.FanArt))">$INFO[Window(Home).Property(SkinHelper.Player.Music.FanArt)]</value>
        <value condition="!Skin.String(MusicArtistFanart,disabled) + !IsEmpty(Player.Art(fanart))">$INFO[Player.Art(fanart)]</value>
        <value>-</value>
    </variable>
	
</includes>