<?xml version="1.0" encoding="UTF-8"?>
<includes>
    
    <include name="HorizontalHome">
        
        <include condition="Skin.String(HomeLayout, simplehor)">HomeSimpleHorizontal</include>
        <include condition="Skin.String(HomeLayout, lowhorizontal)">HomeLowHorizontal</include>
        
        <!-- widgets -->
		<control type="group" id="77777">
			<include condition="!Skin.HasSetting(DisableAllWidgets)">HomeMenuWidget</include>
		</control>
		
    </include>
    
    <!-- Simple Horizontal Home Includes -->
    <include name="HomeSimpleHorizontal">
		<control type="group">
		  <control type="group">
			<posy>90</posy>
			<animation type="Conditional" condition="Control.IsVisible(77551)">
                <effect type="slide" start="0,0" end="0,600" time="400" tween="cubic" easing="inout" delay="0"/>
            </animation>
            <control type="group">
			 
			 <control type="image">
			    <posx>0</posx>
				<posy>670</posy>
				<width>100%</width>
				<height>180</height>
				<texture border="5">diffuse/panel.png</texture>
				<colordiffuse>$INFO[Skin.String(GeneralPanelsColor)]</colordiffuse>
			  </control>

			  <control type="image">
				<posx>0</posx>
				<posy>710</posy>
				<width>100%</width>
				<height>100</height>
				<texture border="5">diffuse/panel.png</texture>
				<colordiffuse>$INFO[Skin.String(GeneralPanelsColor)]</colordiffuse>
			  </control>
			</control>
            <!-- main menu -->
			<include condition="Skin.HasSetting(EnhancedHome_Circular)">HomeSimpleHorizontalWrap</include>
            <include condition="!Skin.HasSetting(EnhancedHome_Circular) + !Skin.HasSetting(UseFixedHomeFocus)">HomeSimpleHorizontalNormal</include>
            <include condition="!Skin.HasSetting(EnhancedHome_Circular) + Skin.HasSetting(UseFixedHomeFocus)">HomeSimpleHorizontalFixed</include>
			
            <!-- sub menu -->
            <control type="list" id="4444">
			  <animation effect="fade" time="200" start="100" end="25" reversible="true" condition="!Control.HasFocus(4444)">Conditional</animation>
			  <animation effect="fade" time="200" start="100" end="0" reversible="true" condition="!Control.HasFocus(4444) + !Skin.HasSetting(AutoShowSubmenu)">Conditional</animation>
              <visible>!Skin.HasSetting(DisableAllSubmenus)</visible>
			  <posx>0</posx>
			  <width>1920</width>
			  <posy>803</posy>
			  <height>50</height>
			  <onleft>4444</onleft>
			  <onright>4444</onright>
			  <viewtype>list</viewtype>
			  <orientation>horizontal</orientation>
			  <focusposition>3</focusposition>
			  <movement>3</movement>
			  <onup>300</onup>
			  <itemgap>6</itemgap>
			  <onback>SetFocus(300)</onback>
			  <ondown condition="!Skin.HasSetting(DisablePowerMenu)">ActivateWindow(ShutdownMenu)</ondown>
              <animation type="Conditional" condition="StringCompare(Container(4444).Numitems,1)">
				<effect type="slide" end="768" time="0" delay="0" />
              </animation>
              <animation type="Conditional" condition="StringCompare(Container(4444).Numitems,2)">
				<effect type="slide" end="576" time="0" delay="0" />
              </animation>
              <animation type="Conditional" condition="StringCompare(Container(4444).Numitems,3)">
				<effect type="slide" end="384" time="0" delay="0" />
              </animation>
              <animation type="Conditional" condition="StringCompare(Container(4444).Numitems,4)">
				<effect type="slide" end="192" time="0" delay="0" />
              </animation>
			  <itemlayout width="384" height="50">
				<control type="label">
				  <posx>3</posx>
				  <posy>1</posy>
				  <height>50</height>
				  <width>384</width>
				  <align>center</align>
				  <aligny>center</aligny>
				  <font>Reg26</font>
				  <scroll>false</scroll>
				  <label>$INFO[ListItem.Label]</label>
				  <textcolor>black</textcolor>
				  <shadowcolor>-</shadowcolor>
				</control>
				<control type="label">
				  <posx>3</posx>
				  <posy>0</posy>
				  <height>50</height>
				  <width>384</width>
				  <align>center</align>
				  <aligny>center</aligny>
				  <font>Reg26</font>
				  <scroll>false</scroll>
				  <label>$INFO[ListItem.Label]</label>
				  <textcolor>$INFO[Skin.String(GeneralTextColor)]</textcolor>
				  <shadowcolor>-</shadowcolor>
				</control>
			  </itemlayout>
			  <focusedlayout width="384" height="50">
				<control type="label">
				  <posx>3</posx>
				  <posy>1</posy>
				  <height>50</height>
				  <width>384</width>
				  <align>center</align>
				  <aligny>center</aligny>
				  <font>Reg26</font>
				  <label>$INFO[ListItem.Label]</label>
				  <textcolor>black</textcolor>
				  <shadowcolor>-</shadowcolor>
				</control>
				<control type="label">
				  <visible>!Control.HasFocus(4444)</visible>
				  <posx>3</posx>
				  <posy>0</posy>
				  <height>50</height>
				  <width>384</width>
				  <align>center</align>
				  <aligny>center</aligny>
				  <font>Reg26</font>
				  <label>$INFO[ListItem.Label]</label>
				  <textcolor>$INFO[Skin.String(GeneralTextColor)]</textcolor>
				  <shadowcolor>-</shadowcolor>
				</control>
				<control type="label">
				  <visible>Control.HasFocus(4444)</visible>
				  <posx>3</posx>
				  <posy>0</posy>
				  <height>50</height>
				  <width>384</width>
				  <align>center</align>
				  <aligny>center</aligny>
				  <font>Reg26</font>
				  <label>$INFO[ListItem.Label]</label>
				  <textcolor>$VAR[ViewDetailsFocusColor]</textcolor>
				  <shadowcolor>-</shadowcolor>
				</control>
			  </focusedlayout>
			  <content>
				<include condition="!Skin.HasSetting(DisableAllSubmenus)">skinshortcuts-submenu</include>
			  </content>
			</control>
		  </control>
          <!--Footer-->
          <include condition="!skin.hassetting(nofooterbar)">Footer</include>
          <!-- Power button -->
          <control type="button" id="2">
            <description>powerbutton</description>
            <posx>930</posx>
            <bottom>5</bottom>
            <width>60</width>
            <height>60</height>
            <onup>300</onup>
            <onright>300</onright>
            <onleft>300</onleft>
            <texturefocus colordiffuse="$INFO[Skin.String(ButtonFocusColor)]">common/shutdown2.png</texturefocus>
            <texturenofocus colordiffuse="white">common/shutdown2.png</texturenofocus>
            <onclick>ActivateWindow(111)</onclick>
            <onfocus>ActivateWindow(111)</onfocus>
            <include>animation_fade_visible_hidden</include>
            <visible>!Skin.HasSetting(EnableTouchSupport) + !Skin.HasSetting(DisablePowerMenu)</visible>
            <visible allowhiddenfocus="true">![!IsEmpty(Container(300).ListItem.Property(infoline)) + !StringCompare(Container(300).ListItem.Property(infoline),disabled)] + !system.getbool(lookandfeel.enablerssfeeds) + !Skin.HasSetting(HidePowerMenu)</visible>
        </control>
		</control>
	</include>
    <include name="HomeSimpleHorizontalNormal">
        <control type="panel" id="300">
            <posx>0</posx>
            <width>1920</width>
            <include>HomeSimpleHorizontalLayout</include>
        </control>
    </include>
    <include name="HomeSimpleHorizontalFixed">
        <control type="fixedlist" id="300">
            <animation effect="slide" time="200" start="0" end="-519" delay="0" condition="IsEmpty(Container(300).ListItemNoWrap(1).Label)">Conditional</animation>
            <animation effect="slide" time="200" start="0" end="519" delay="0" condition="IsEmpty(Container(300).ListItemNoWrap(-1).Label)">Conditional</animation>
            <focusposition>2</focusposition>
            <posx>-338</posx>
            <width>3069</width>
            <include>HomeSimpleHorizontalLayout</include>
        </control>
    </include>
    <include name="HomeSimpleHorizontalWrap">
        <control type="wraplist" id="300">
            <posx>-338</posx>
            <width>3069</width>
            <focusposition>2</focusposition>
            <include>HomeSimpleHorizontalLayout</include>
        </control>
    </include>
    <include name="HomeSimpleHorizontalLayout">
          <animation effect="fade" time="200" start="100" end="25" reversible="true" condition="!Control.HasFocus(300)">Conditional</animation>
          <posy>725</posy>
          <height>72</height>
          <onleft>300</onleft>
          <onright>300</onright>
          <ondown>4444</ondown>
          <onup>$VAR[HomeButtonUpAction]</onup>
          <pagecontrol>-</pagecontrol>
          <movement>1</movement>
          <preloaditems>4</preloaditems>
          <orientation>horizontal</orientation>
          <itemlayout height="70" width="519">
            <control type="label">
              <posx>0</posx>
              <posy>0</posy>
              <width>519</width>
              <textcolor>grey</textcolor>
              <shadowcolor>black</shadowcolor>
              <height>70</height>
              <align>center</align>
              <aligny>top</aligny>
              <textoffsety>2</textoffsety>
              <scroll>false</scroll>
              <label>[B][UPPERCASE]$INFO[ListItem.Label][/UPPERCASE][/B]</label>
              <font>Reg50</font>
            </control>
          </itemlayout>
          <focusedlayout height="70" width="519">
            <control type="label">
                  <posx>0</posx>
                  <posy>0</posy>
                  <width>519</width>
                  <textcolor>$VAR[ViewDetailsFocusColor]</textcolor>
                  <shadowcolor>black</shadowcolor>
                  <height>70</height>
                  <align>center</align>
                  <aligny>top</aligny>
                  <textoffsety>2</textoffsety>
                  <label>[B][UPPERCASE]$INFO[ListItem.Label][/UPPERCASE][/B]</label>
                  <font>Reg50</font>
            </control>
            <control type="button">
                <visible>false</visible>
                <onfocus condition="!Skin.HasSetting(DisableAllSubmenus) + Skin.HasSetting(AutoShowSubmenu) + skin.hastheme(classic)">SetFocus(4444)</onfocus>
                <onfocus condition="!Skin.HasSetting(DisableAllSubmenus) + Skin.HasSetting(AutoShowSubmenu) + !skin.hastheme(classic)">SetProperty(submenu,show,home)</onfocus>
            </control>
          </focusedlayout>
          <content><include>skinshortcuts-mainmenu</include></content>
    </include>
    
    <!-- Low Horizontal Menu Includes -->
    <include name="HomeLowHorizontal">
		<control type="group">
			<bottom>0</bottom>
            <height>190</height>
			<animation effect="slide" tween="cubic" time="600" start="0,700" end="0,0" reversible="false">WindowOpen</animation>
			<animation effect="slide" tween="cubic" time="300" start="0,0" end="0,700" reversible="false">WindowClose</animation>
			<animation effect="slide" tween="cubic" time="600" start="0,700" end="0,0" reversible="false">Visible</animation>
			<animation effect="slide" tween="cubic" time="300" start="0,0" end="0,700" reversible="false">Hidden</animation>
			<animation type="Conditional" condition="Control.IsVisible(77551)">
                <effect type="slide" start="0,0" end="0,600" time="400" tween="cubic" easing="inout" delay="0"/>
            </animation>
			<control type="image">
				<width>100%</width>
				<height>700</height>
				<texture border="5">diffuse/panel.png</texture>
				<colordiffuse>$INFO[Skin.String(GeneralPanelsColor)]</colordiffuse>
			</control>
			<control type="image">
				<left>0</left>
				<width>100%</width>
				<height>120</height>
				<texture border="5">diffuse/panel.png</texture>
				<colordiffuse>$INFO[Skin.String(GeneralPanelsColor)]</colordiffuse>
			</control>
            
			<!-- main menu -->
            <control type="image">
                <!-- focus main menu -->
                <left>768</left>
                <width>384</width>
                <height>120</height>
                <texture>colors/color_white.png</texture>
                <colordiffuse>$INFO[Skin.String(HomeViewDetailsFocusColor)]</colordiffuse>
                <visible>!Skin.HasSetting(HomeLowHorizontal.LargeMenu)</visible>
                <visible>Skin.HasSetting(EnhancedHome_Circular) | Skin.HasSetting(UseFixedHomeFocus)</visible>
                <animation effect="fade" start="100" end="50" time="300" condition="!Control.HasFocus(300)">conditional</animation>
            </control>
            <control type="image">
                <!-- focus main menu -->
                <left>590</left>
                <width>740</width>
                <height>120</height>
                <texture>colors/color_white.png</texture>
                <colordiffuse>$INFO[Skin.String(HomeViewDetailsFocusColor)]</colordiffuse>
                <visible>Skin.HasSetting(HomeLowHorizontal.LargeMenu)</visible>
                <visible>Skin.HasSetting(EnhancedHome_Circular) | Skin.HasSetting(UseFixedHomeFocus)</visible>
                <animation effect="fade" start="100" end="50" time="300" condition="!Control.HasFocus(300)">conditional</animation>
            </control>
			<include condition="Skin.HasSetting(EnhancedHome_Circular)">HomeLowHorizontalWrap</include>
            <include condition="!Skin.HasSetting(EnhancedHome_Circular) + !Skin.HasSetting(UseFixedHomeFocus)">HomeLowHorizontalNormal</include>
            <include condition="!Skin.HasSetting(EnhancedHome_Circular) + Skin.HasSetting(UseFixedHomeFocus)">HomeLowHorizontalFixed</include>
			
            
            <!-- submenu -->
            <control type="group" id="9001">
				<animation effect="fade" start="100" end="0" time="200" condition="[system.getbool(lookandfeel.enablerssfeeds) + !Control.HasFocus(4444) + !Skin.HasSetting(AutoShowSubmenu)] | [!IsEmpty(Container(300).ListItem.Property(infoline)) + !Control.HasFocus(4444)] | [!Skin.HasSetting(AutoShowSubmenu) + !Control.HasFocus(4444)]">Conditional</animation>
                <animation effect="fade" start="100" end="50" time="300" condition="!Control.HasFocus(4444)">conditional</animation>
                <control type="fixedlist" id="4444">
					<include>animation_fade_visible_hidden</include>
					<left>0</left>
					<top>120</top>
					<width>100%</width>
					<height>70</height>
					<onup>300</onup>
					<ondown condition="!Skin.HasSetting(DisablePowerMenu)">ActivateWindow(ShutdownMenu)</ondown>
					<pagecontrol>-</pagecontrol>
					<scrolltime tween="quadratic" easing="out">300</scrolltime>
					<focusposition>2</focusposition>
					<movement>2</movement>
					<orientation>Horizontal</orientation>
					<itemlayout height="70" width="384">
                        <control type="label">
                            <width>94%</width>
                            <height>100%</height>
                            <left>3%</left>
                            <font>Light26</font>
                            <textcolor>$INFO[Skin.String(GeneralTextColor)]</textcolor>
                            <textoffsetx>0</textoffsetx>
                            <selectedcolor>$INFO[Skin.String(GeneralTextColor)]</selectedcolor>
                            <align>center</align>
                            <aligny>center</aligny>
                            <label>[UPPERCASE]$INFO[ListItem.Label][/UPPERCASE]</label>
                        </control>
                    </itemlayout>
                    <focusedlayout height="70" width="384">
                        <control type="image">
                            <!-- focus sub menu -->
                            <texture>colors/color_white.png</texture>
                            <colordiffuse>$INFO[Skin.String(HomeViewDetailsFocusColor)]</colordiffuse>
                            <visible>Control.HasFocus(4444)</visible>
                        </control>
                        <control type="label">
                            <width>94%</width>
                            <height>100%</height>
                            <left>3%</left>
                            <font>Light26</font>
                            <textcolor>$INFO[Skin.String(GeneralTextColor)]</textcolor>
                            <textoffsetx>0</textoffsetx>
                            <align>center</align>
                            <aligny>center</aligny>
                            <scroll>true</scroll>
                            <label>[UPPERCASE]$INFO[ListItem.Label][/UPPERCASE]</label>
                        </control>
                    </focusedlayout>
                    <content>
                        <include condition="!Skin.HasSetting(DisableAllSubmenus)">skinshortcuts-submenu</include>
                    </content>
				</control>
				<control type="button">
					<left>5</left>
					<top>141</top>
					<width>30</width>
					<height>30</height>
					<texturefocus colordiffuse="$INFO[Skin.String(GeneralHighlightTextColor)]">home/home_arrow_left.png</texturefocus>
					<texturenofocus>home/home_arrow_left.png</texturenofocus>
					<visible>Container(4444).HasPrevious</visible>
					<onclick>Control.Move(4444,-1)</onclick>
				</control>
				<control type="button">
					<left>1885</left>
					<top>141</top>
					<width>30</width>
					<height>30</height>
					<texturefocus colordiffuse="$INFO[Skin.String(GeneralHighlightTextColor)]">home/home_arrow_right.png</texturefocus>
					<texturenofocus>home/home_arrow_right.png</texturenofocus>
					<visible>Container(4444).HasNext</visible>
					<onclick>Control.Move(4444,1)</onclick>
				</control>
			</control>
            <control type="rss">	
                <description>RSS Feed</description>
                <posx>0</posx>
                <bottom>20</bottom>
                <width>100%</width>
                <height>30</height>
                <font>Light28</font>
                <urlset>1</urlset>
                <titlecolor>$INFO[Skin.String(GeneralHighlightTextColor)]</titlecolor>
                <headlinecolor>$INFO[Skin.String(GeneralTextColor)]</headlinecolor>
                <textcolor>$INFO[Skin.String(GeneralHighlightTextColor)]</textcolor>
                <visible>System.getbool(lookandfeel.enablerssfeeds)</visible>
                <visible>!Window.IsVisible(shutdownmenu)</visible>
                <visible>!Control.HasFocus(4444) + IsEmpty(Container(300).ListItem.Property(infoline))</visible>
                <visible>![Skin.HasSetting(AutoShowSubmenu) + IntegerGreaterThan(Container(4444).NumItems,0)]</visible>
            </control>
            <!--infoline-->
            <control type="label">	
                <description>InfoLine</description>
                <posx>0</posx>
                <bottom>20</bottom>
                <width>100%</width>
                <height>30</height>
                <font>Light28</font>
                <font>Reg28</font>
                <align>center</align>
                <label>[UPPERCASE]$VAR[infolinevar][/UPPERCASE]</label>
                <textcolor>$INFO[Skin.String(GeneralTextColor)]</textcolor>
                <visible>!Window.IsVisible(shutdownmenu)</visible>
                <visible>!Control.HasFocus(4444)</visible>
                <include>animation_fade_visible_hidden</include>
            </control>
		</control>
	</include>
    <include name="HomeLowHorizontalBig">
        <focusposition>1</focusposition>
    </include>
    <include name="HomeLowHorizontalNormal">
        <control type="panel" id="300">
            <include>HomeLowHorizontalLayout</include>
        </control>
    </include>
    <include name="HomeLowHorizontalFixed">
        <control type="fixedlist" id="300">
            <animation effect="slide" time="200" start="0" end="-384" delay="0" condition="IsEmpty(Container(300).ListItemNoWrap(1).Label) + !Skin.HasSetting(HomeLowHorizontal.LargeMenu)">Conditional</animation>
            <animation effect="slide" time="200" start="0" end="384" delay="0" condition="IsEmpty(Container(300).ListItemNoWrap(-1).Label) + !Skin.HasSetting(HomeLowHorizontal.LargeMenu)">Conditional</animation>
            <animation effect="slide" time="200" start="0" end="-590" delay="0" condition="IsEmpty(Container(300).ListItemNoWrap(1).Label) + Skin.HasSetting(HomeLowHorizontal.LargeMenu)">Conditional</animation>
            <animation effect="slide" time="200" start="0" end="590" delay="0" condition="IsEmpty(Container(300).ListItemNoWrap(-1).Label) + Skin.HasSetting(HomeLowHorizontal.LargeMenu)">Conditional</animation>
            <include condition="Skin.HasSetting(HomeLowHorizontal.LargeMenu)">HomeLowHorizontalBig</include>
            <focusposition>2</focusposition>
            <include>HomeLowHorizontalLayout</include>
        </control>
    </include>
    <include name="HomeLowHorizontalWrap">
        <control type="wraplist" id="300">
            <include condition="Skin.HasSetting(HomeLowHorizontal.LargeMenu)">HomeLowHorizontalBig</include>
            <focusposition>2</focusposition>
            <include>HomeLowHorizontalLayout</include>
        </control>
    </include>
    <include name="HomeLowHorizontalLayout">
		<animation effect="fade" start="100" end="50" time="300" condition="!Control.HasFocus(300)">conditional</animation>
		<left>0</left>
		<top>0</top>
		<width>100%</width>
		<height>120</height>
		<onup>$VAR[HomeButtonUpAction]</onup>
		<ondown>4444</ondown>
		<pagecontrol>-</pagecontrol>
		<movement>1</movement>
		<scrolltime tween="sine" easing="inout">300</scrolltime>
		<orientation>Horizontal</orientation>
		<itemlayout height="120" width="384" condition="!Skin.HasSetting(HomeLowHorizontal.LargeMenu)">
			<control type="label">
				<width>94%</width>
                <height>100%</height>
                <left>3%</left>
				<font>Light44</font>
				<textcolor>$INFO[Skin.String(GeneralTextColor)]</textcolor>
				<align>center</align>
				<aligny>center</aligny>
				<label>[UPPERCASE]$INFO[ListItem.Label][/UPPERCASE]</label>
			</control>
		</itemlayout>
		<focusedlayout height="120" width="384" condition="!Skin.HasSetting(HomeLowHorizontal.LargeMenu)">
			<control type="image">
				<texture>colors/color_white.png</texture>
                <colordiffuse>$INFO[Skin.String(HomeViewDetailsFocusColor)]</colordiffuse>
                <visible>!Skin.HasSetting(UseFixedHomeFocus) + !Skin.HasSetting(EnhancedHome_Circular)</visible>
			</control>
			<control type="label">
				<width>94%</width>
                <height>100%</height>
                <left>3%</left>
				<font>Light44</font>
				<textcolor>$INFO[Skin.String(GeneralTextColor)]</textcolor>
				<selectedcolor>$INFO[Skin.String(GeneralTextColor)]</selectedcolor>
				<align>center</align>
				<aligny>center</aligny>
                <scroll>true</scroll>
				<label>[UPPERCASE]$INFO[ListItem.Label][/UPPERCASE]</label>
			</control>
            <control type="button">
                <visible>false</visible>
                <onfocus>ClearProperty(SkinHelper.WidgetContainer)</onfocus>
            </control>
		</focusedlayout>
		<itemlayout height="120" width="590" condition="Skin.HasSetting(HomeLowHorizontal.LargeMenu)">
			<control type="group">
				<animation effect="zoom" time="0" tween="sine" easing="inout" start="70" end="70" center="auto" condition="true">Conditional</animation>
				<control type="label">
					<width>94%</width>
                    <height>100%</height>
                    <left>3%</left>
					<font>Light75</font>
					<textcolor>$INFO[Skin.String(GeneralTextColor)]</textcolor>
					<align>center</align>
					<aligny>center</aligny>
					<label>[UPPERCASE]$INFO[ListItem.Label][/UPPERCASE]</label>
				</control>
			</control>
		</itemlayout>
		<focusedlayout height="120" width="740" condition="Skin.HasSetting(HomeLowHorizontal.LargeMenu)">
			<control type="image">
				<texture>colors/color_white.png</texture>
                <colordiffuse>$INFO[Skin.String(HomeViewDetailsFocusColor)]</colordiffuse>
                <visible>!Skin.HasSetting(UseFixedHomeFocus) + !Skin.HasSetting(EnhancedHome_Circular)</visible>
			</control>
			<control type="group">
				<animation effect="zoom" time="150" tween="sine" easing="inout" start="70" end="100" center="auto" condition="[Container(300).OnScrollNext | Container(300).OnScrollPrevious] + [Skin.HasSetting(UseFixedHomeFocus) | Skin.HasSetting(EnhancedHome_Circular)]">Focus</animation>
				<animation effect="zoom" time="150" tween="sine" easing="inout" start="100" end="70" center="auto" condition="Control.HasFocus(300) + [Skin.HasSetting(UseFixedHomeFocus) | Skin.HasSetting(EnhancedHome_Circular)]">UnFocus</animation>
				<control type="label">
					<width>94%</width>
                    <height>100%</height>
                    <left>3%</left>
					<font>Light75</font>
					<textcolor>$INFO[Skin.String(GeneralTextColor)]</textcolor>
					<selectedcolor>$INFO[Skin.String(GeneralTextColor)]</selectedcolor>
					<align>center</align>
					<aligny>center</aligny>
                    <scroll>true</scroll>
					<label>[UPPERCASE]$INFO[ListItem.Label][/UPPERCASE]</label>
				</control>
			</control>
            <control type="button">
                <visible>false</visible>
                <onfocus>ClearProperty(SkinHelper.WidgetContainer)</onfocus>
            </control>
		</focusedlayout>
        <content><include>skinshortcuts-mainmenu</include></content>
	</include>
    
</includes>