<?xml version="1.0" encoding="utf-8"?>
<includes>

    <include name="DialogContextMenuClassic">
        <control type="group">
            <posx>710</posx>
            <bottom>12%</bottom>
            <height>800</height>
            <!--Panel-->
            <control type="image">
                <width>500</width>
                <height>800</height>
                <texture border="15">diffuse/bgpanel.png</texture>
                <bordersize>20</bordersize>
                <colordiffuse>$INFO[Skin.String(SideBladePanelColor)]</colordiffuse>
            </control>
            <!--Label Menu: -->
            <control type="label" id="200">
                <!--Label Menu-->
                <posx>21</posx>
                <posy>60</posy>
                <width>458</width>
                <align>left</align>
                <textoffsetx>50</textoffsetx>
                <font>Bold40</font>
                <textcolor>$INFO[Skin.String(SideBladeTextColor)]</textcolor>
                <label>$LOCALIZE[33061]:</label>
            </control>
            <control type="image">
                <!--Seperator-->
                <posx>21</posx>
                <posy>120</posy>
                <width>458</width>
                <height>20</height>
                <align>left</align>
                <texture>common/menu-separator.png</texture>
            </control>
            <control type="grouplist" id="996">
                <width></width>
                <posx>21</posx>
                <posy>140</posy>
                <height>630</height>
                <itemgap>3</itemgap>
                <!--Buttons-->
               <control type="button" id="1000">
                    <description>Buttons</description>
                    <include>SideBladeMenuButton</include>
                </control>
            </control>
        </control>
	</include>
		
	<include name="DialogContextMenuModern">
		<control type="group">
			<posx>-660</posx>
			<posy>0</posy>
			<animation effect="slide" start="0" end="0,210" time="0" condition="Window.IsActive(visualisation)">Conditional</animation>
			<animation type="WindowOpen">
				<effect type="slide" start="0" end="660" time="250" tween="cubic" easing="inout" />
			</animation>
			<animation type="WindowClose">
				<effect type="slide" start="660" end="0" time="250" tween="cubic" easing="inout" />
			</animation>
		<!--Panel-->
		<control type="image">
			<posy>-250</posy>
			<posx>-20</posx>
			<width>520</width>
			<height>1750</height>
			<texture border="5">diffuse/panel.png</texture>
			<colordiffuse>$INFO[Skin.String(SideBladePanelColor)]</colordiffuse>
			<aspectratio>stretch</aspectratio>
		</control>

		<!-- header -->
        <control type="label">
            <posx>61</posx>
            <posy>10</posy>
            <width min="80" max="1100">auto</width>
            <height>100</height>
            <font>Bold45</font>
            <align>left</align>
            <textcolor>$INFO[Skin.String(SideBladeTextColor)]</textcolor>
            <label>[UPPERCASE]$LOCALIZE[33061][/UPPERCASE]</label>
			<visible>!Window.IsActive(infodialog) + !Window.IsActive(extendedprogressdialog)</visible>
        </control>
            <!--Label Menu: -->
            <control type="image">
                <!--Seperator-->
                <posx>21</posx>
                <posy>160</posy>
                <width>458</width>
                <height>20</height>
                <align>left</align>
                <texture>common/menu-separator.png</texture>
            </control>
			<control type="image">
                <!--Seperator-->
                <posx>21</posx>
                <posy>980</posy>
                <width>458</width>
                <height>20</height>
                <align>left</align>
                <texture>common/menu-separator.png</texture>
            </control>
			<!-- close dialog -->
			<control type="group">
				<include>animation_fade_visible_hidden</include>
				<posx>60</posx>
                <posy>1005</posy>
				<include condition="Skin.HasSetting(EnableTouchSupport)">close_button</include>
			</control>
			
			
            <control type="grouplist" id="996">
                <width>458</width>
                <posx>21</posx>
                <posy>180</posy>
				<onright>Dialog.Close(contextmenu)</onright>
                <height>850</height>
                <itemgap>3</itemgap>
                <!--Buttons-->
                <control type="button" id="1000">
                    <description>Buttons</description>
                    <include>SideBladeMenuButton</include>
                </control>
			
            </control>
        </control>
	</include>	
	
	<include name="SideBladeModern">
		<posx>-660</posx>
		<posy>0</posy>
		<visible>!Window.IsActive(virtualkeyboard)</visible>
		<include>animation_sub_menu</include>
          <!-- invisible button to close sideblade -->
        <control type="button">
			<posx>0</posx>
			<posy>0</posy>
			<width>100%</width>
			<height>100%</height>
			<align>center</align>
			<aligny>center</aligny>
			<font>Light28</font>
			<label>-</label>
			<textcolor>-</textcolor>
			<focusedcolor>-</focusedcolor>
			<disabledcolor>-</disabledcolor>
			<texturefocus>colors/color_transparent.png</texturefocus>
			<texturenofocus>-</texturenofocus>
			<onclick>ClearProperty(ShowViewSubMenu, Home)</onclick>
            <onback>ClearProperty(ShowViewSubMenu, Home)</onback>
			<visible>Skin.HasSetting(EnableTouchSupport) + StringCompare(Window(Home).Property(ShowViewSubmenu),show)</visible>
		</control>
 		<!--Panel-->
        <control type="image">
			<posy>-250</posy>
			<posx>-20</posx>
			<width>520</width>
			<height>1750</height>
			<texture border="5">diffuse/panel.png</texture>
			<colordiffuse>$INFO[Skin.String(SideBladePanelColor)]</colordiffuse>
			<aspectratio>stretch</aspectratio>
		</control>

		<!-- header -->
        <control type="label">
            <posx>61</posx>
            <posy>10</posy>
            <width min="80" max="1100">auto</width>
            <height>100</height>
            <font>Bold45</font>
            <align>left</align>
            <textcolor>$INFO[Skin.String(SideBladeTextColor)]</textcolor>
            <label>[UPPERCASE]$LOCALIZE[33063][/UPPERCASE]</label>
			<visible>!Window.IsActive(infodialog) + !Window.IsActive(extendedprogressdialog)</visible>
        </control>
		<control type="image">
			<!--Seperator-->
			<posx>21</posx>
			<posy>160</posy>
			<width>458</width>
			<height>20</height>
			<align>left</align>
			<texture>common/menu-separator.png</texture>
		</control>
		<control type="image">
			<!--Seperator-->
			<posx>21</posx>
			<posy>980</posy>
			<width>458</width>
			<height>20</height>
			<align>left</align>
			<texture>common/menu-separator.png</texture>
		</control>
        <!-- close dialog -->
        <control type="group">
            <include>animation_fade_visible_hidden</include>
            <posx>60</posx>
			<posy>1005</posy>
            <include condition="Skin.HasSetting(EnableTouchSupport)">close_button</include>
        </control>
		
		<!-- back -->
        <control type="group">
            <include>animation_fade_visible_hidden</include>
            <posx>130</posx>
			<posy>1005</posy>
            <include condition="Skin.HasSetting(EnableTouchSupport)">back_button</include>
        </control>
	</include>
	
	<include name="SideBladeClassic">
		<posx>-635</posx>
		<bottom>5%</bottom>
        <height>840</height>
        <width>500</width>
		<visible>!Window.IsActive(virtualkeyboard)</visible>
		<include>animation_sub_menu</include>
		<!--Panel-->
		<control type="image">
			<posx>-19</posx>
			<posy>46%</posy>
			<width>80</width>
			<height>60</height>
			<texture>dialogs/default/arrow.png</texture>
            <colordiffuse>$INFO[Skin.String(GeneralPanelsColor)]</colordiffuse>
		</control>
		<control type="image">
			<width>500</width>
			<height>840</height>
            <bordersize>20</bordersize>
			<texture border="15">diffuse/bgpanel.png</texture>
            <colordiffuse>$INFO[Skin.String(SideBladePanelColor)]</colordiffuse>
		</control>
	</include>	

</includes>
