<?xml version="1.0" encoding="utf-8"?>
<!--Titan-->
<window>
	<defaultcontrol>-</defaultcontrol>
	<allowoverlay>false</allowoverlay>
    <controls>
         <!--fallback background -->
        <control type="group">
			<include>GlobalBackground</include>
            <visible>[!Control.IsVisible(3333) | IsEmpty(Control.GetLabel(3333))] + [!Control.IsVisible(3334) | IsEmpty(Control.GetLabel(3334))]</visible>
		</control>
         <include>NowPlayingBackground</include>

        <control type="group">
            <include>HideOsdConditions</include>
			<include condition="skin.hastheme(classic)">MusicOSDClassic</include>
			<include condition="!Skin.HasTheme(classic) + !Skin.HasSetting(UseSlimOSDPanel)">OSDPanelModern</include>
			<include condition="!Skin.HasTheme(classic) + Skin.HasSetting(UseSlimOSDPanel)">OSDPanelModernSlimMusic</include>
			<visible>[Skin.HasSetting(AlwaysShowMusicInfo) | Player.ShowInfo | Window.IsActive(MusicOSD)]</visible>
			<animation effect="slide" start="0,400" end="0,0" tween="cubic" easing="out" delay="300" time="250" reversible="false">Visible</animation>
			<animation effect="slide" start="0,0" end="0,400" tween="cubic" easing="out" delay="300" time="250" reversible="false">Hidden</animation>
		</control>
		
		<!--clearlogo top right-->
		<control type="image">
			<right>40</right>
			<top>20</top>
			<width>550</width>
			<height>180</height>
			<fadetime>600</fadetime>
			<aspectratio align="right" aligny="top">keep</aspectratio>
			<texture>$INFO[Window(Home).Property(SkinHelper.Player.Music.ClearLogo)]</texture>
            <visible>Skin.String(MusicArtistLogo,enabled) | [Skin.String(MusicArtistLogo,osd) + [Player.ShowInfo | Window.IsActive(MusicOSD)]]</visible>
            <include>animation_fade_visible_hidden_delayed</include>
		</control>

		<!-- codec info -->
        <control type="group" id="0">
			<visible>Player.ShowCodec + ![Window.IsVisible(script-cu-lrclyrics-main.xml) | Window.IsVisible(VisualisationSettings) | Window.IsVisible(VisualisationPresetList)]</visible>
			<animation effect="slide" start="0,-340" end="0,0" time="200">Visible</animation>
			<animation effect="slide" start="0" end="0,-340" time="200">Hidden</animation>
			<animation effect="fade" time="200">Visible</animation>
			<control type="image">
				<posx>0</posx>
				<posy>0</posy>
				<width>100%</width>
				<height>110</height>
				<texture border="5">diffuse/panel.png</texture>
				
				<colordiffuse>$INFO[Skin.String(GeneralPanelsColor)]</colordiffuse>
			</control>
			<control type="label">
				<description>row 1 label</description>
				<left>20</left>
				<width>1900</width>
				<top>10</top>
				<align>left</align>
				<label>$INFO[musicplayer.Codec,$LOCALIZE[21446]: ,]$INFO[musicplayer.Bitrate, · $LOCALIZE[623]: ,kbps]$INFO[musicplayer.bitspersample, · $LOCALIZE[612]: ,]$INFO[musicplayer.Samplerate, · $LOCALIZE[613]: ,kHz]$INFO[musicplayer.Channels, · $LOCALIZE[21444]: ]</label>
				<font>Light22</font>
					<textcolor>$INFO[Skin.String(GeneralTextColor)]</textcolor>
			</control>
			<control type="label">
				<description>row 2 label</description>
				<left>20</left>
				<top>40</top>
				<width>1900</width>
				<align>left</align>
				<label>$INFO[Visualisation.Name,, [I][COLOR=orange]($LOCALIZE[20166])[/COLOR][/I] · ]fps: $INFO[System.FPS]</label>
				<font>Light22</font>
					<textcolor>$INFO[Skin.String(GeneralTextColor)]</textcolor>
				<visible>Visualisation.Locked</visible>
			</control>
			<control type="label">
				<description>Unlocked row 2 label</description>
				<left>20</left>
				<top>40</top>
				<width>1900</width>
				<align>left</align>
				<label>$INFO[Visualisation.Name,, · ]fps: $INFO[System.FPS]</label>
				<font>Light22</font>
					<textcolor>$INFO[Skin.String(GeneralTextColor)]</textcolor>
				<visible>!Visualisation.Locked</visible>
			</control>
			<control type="label">
				<description>row 3 label</description>
				<left>20</left>
				<top>70</top>
				<width>1900</width>
				<align>left</align>
				<label>$INFO[Visualisation.Preset,$LOCALIZE[13388]: ]</label>
				<font>Light22</font>
					<textcolor>$INFO[Skin.String(GeneralTextColor)]</textcolor>
			</control>
		</control>
	</controls>
</window>