<?xml version="1.0" encoding="utf-8"?>
<!--Titan-->
<window type="dialog">
    <defaultcontrol always="true">1</defaultcontrol>
    <controls>
        <!--Dialog Overlay-->
		<control type="group">
			<visible>!Window.IsActive(fullscreenvideo)</visible>
			<include>DialogOverlayExtra</include>
			<animation effect="fade" time="250" start="0" end="100" reversible="false">WindowOpen</animation>
        </control>
		
        <!--Dialog PVR Guid Info-->
        <control type="group">
            <visible>!Window.IsVisible(yesnodialog)</visible>
			<animation type="WindowOpen">
				<effect type="slide" start="1200" end="0" time="250" tween="cubic" easing="inout" />
			</animation>
			<animation type="WindowClose">
				<effect type="slide" start="0" end="1200" time="250" tween="cubic" easing="inout" />
			</animation>
             <!--Panel-->
            <control type="image">
                <posx>630</posx>
                <posy>0</posy>
                <width>1340</width>
                <height>100%</height>
				<texture border="15">diffuse/bgpanel.png</texture>
				
				<colordiffuse>$INFO[Skin.String(GeneralPanelsColor)]</colordiffuse>
            </control>
            <!-- close dialog -->
            <control type="group">
                <include>animation_fade_visible_hidden</include>
                <right>60</right>
                <width>60</width>
                <posy>40</posy>
                <include condition="Skin.HasSetting(EnableTouchSupport)">close_button</include>
            </control>
            <!--Header-->
            <control type="label">
                <description>Heading</description>
                <posx>700</posx>
                <posy>10</posy>
                <width>1200</width>
				<font>Bold45</font>
				<textcolor>$INFO[Skin.String(GeneralHighlightTextColor)]</textcolor>
                <label>31137</label>
                <height>100</height>
                <align>left</align>
            </control>
			<!-- program title -->
			
			<control type="grouplist">
				<orientation>horizontal</orientation>
				<posx>700</posx>
				<posy>150</posy>
				<width>1200</width>
				<height>50</height>
				<control type="label" id="20">
					<width>auto</width>
					<font>Reg36</font>
					<aligny>bottom</aligny>
					<height>50</height>
					<label>$INFO[ListItem.Title]</label>
					
				</control>
			</control>
			
			<control type="button" id="22">
				  <description>hidden button needed for nextpvr</description>
				  <visible>false</visible>
			</control>
			
            <control type="group">
                <posx>680</posx>
                <posy>220</posy>
                <control type="image">
                    <posx>0</posx>
                    <posy>0</posy>
                    <width>1200</width>
                    <height>700</height>
                    <texture border="5">dialogs/default/inner.png</texture>
                </control>
                         <control type="grouplist">
                    <posx>0</posx>
                    <posy>25</posy>
                    <itemgap>5</itemgap>
                    <width>1200</width>
                    <height>750</height>
                    <onup>9001</onup>
                    <onleft>9001</onleft>
                    <onright>9001</onright>
                    <ondown>9001</ondown>
					<control type="label" id="24">
						<width>1200</width>
						<height>100</height>
						<align>left</align>
						<aligny>center</aligny>
						<wrapmultiline>true</wrapmultiline>
						<visible>System.HasAddon(pvr.nextpvr)</visible>
					</control>    
                    <control type="radiobutton" id="10">
						<description>episode recording</description>
                        <width>1200</width>
                        <label>31135</label>
                        <align>left</align>
						<textoffsetx>20</textoffsetx>
						<visible>System.HasAddon(pvr.wmc) | System.HasAddon(pvr.dvblink)</visible>
                    </control>
                    <control type="radiobutton" id="11">
						<description>series recording</description>
                        <width>1200</width>
                        <label>31136</label>
                        <align>left</align>
						<textoffsetx>20</textoffsetx>
						<visible>System.HasAddon(pvr.wmc) | System.HasAddon(pvr.dvblink)</visible>
                    </control>
					<control type="spincontrolex" id="21">
                        <description>recording type</description>
                        <width>1200</width>
                        <label>$ADDON[pvr.nextpvr 30120]</label>
						<textoffsetx>20</textoffsetx>
						<visible>System.HasAddon(pvr.nextpvr)</visible>
                    </control>
					<control type="spincontrolex" id="25">
                        <description>pre padding</description>
                        <width>1200</width>
                        <label>$ADDON[pvr.nextpvr 30132]</label>
						<textoffsetx>20</textoffsetx>
						<visible>System.HasAddon(pvr.nextpvr)</visible>
                    </control>
					<control type="spincontrolex" id="26">
                        <description>post padding</description>
                        <width>1200</width>
                        <label>$ADDON[pvr.nextpvr 30133]</label>
						<textoffsetx>20</textoffsetx>
						<visible>System.HasAddon(pvr.nextpvr)</visible>
                    </control>
					<control type="spincontrolex" id="23">
						<description>keep count</description>
                        <width>1200</width>
                        <label>$ADDON[pvr.nextpvr 30130]</label>
						<textoffsetx>20</textoffsetx>
						<visible>System.HasAddon(pvr.nextpvr)</visible>
                    </control>
					<control type="spincontrolex" id="27">
						<description>keep count</description>
                        <width>1200</width>
                        <label>$ADDON[pvr.nextpvr 30134]</label>
						<textoffsetx>20</textoffsetx>
						<visible>System.HasAddon(pvr.nextpvr)</visible>
                    </control>
                    <control type="spincontrolex" id="12">
                        <description>wmc: series runtype - dvblink: Record minutes before</description>
                        <width>1200</width>
						<align>left</align>
                        <label>$ADDON[pvr.wmc 30103]$ADDON[pvr.dvblink 32017]</label>
						<textoffsetx>20</textoffsetx>
						<visible>System.HasAddon(pvr.wmc) | System.HasAddon(pvr.dvblink)</visible>
                    </control>
                    <control type="spincontrolex" id="13">
                        <description>wmc: channel series choice - dvblink: Record minutes after</description>
                        <width>1200</width>
                        <label>$ADDON[pvr.wmc 30107]$ADDON[pvr.dvblink 32018]</label>
                        <align>left</align>
						<textoffsetx>20</textoffsetx>
						<visible>System.HasAddon(pvr.wmc) | System.HasAddon(pvr.dvblink)</visible>
                    </control>
                    <!--<control type="spincontrolex" id="14">
                        <description>wmc: airtime series choice</description>
                        <width>1200</width>
                        <label>$ADDON[pvr.wmc 30110]</label>
                        <align>left</align>
						<textoffsetx>20</textoffsetx>
						<visible>System.HasAddon(pvr.wmc)</visible>
                    </control>-->
					<control type="radiobutton" id="14">
                        <description>dvblink: new only</description>
                        <width>1200</width>
                        <label>$ADDON[pvr.dvblink 32019]</label>
                        <align>left</align>
						<textoffsetx>20</textoffsetx>
						<visible>System.HasAddon(pvr.dvblink)</visible>
                    </control>
					<control type="radiobutton" id="15">
						<description>anytime</description>
                        <width>1200</width>
                        <label>$ADDON[pvr.dvblink 32020]</label>
                        <align>left</align>
						<textoffsetx>20</textoffsetx>
						<visible>System.HasAddon(pvr.dvblink)</visible>
                    </control>
					<control type="spincontrolex" id="16">
                        <description>number to keep</description>
                        <width>1200</width>
                        <label>$ADDON[pvr.dvblink 32021]</label>
                        <align>left</align>
						<textoffsetx>20</textoffsetx>
						<visible>System.HasAddon(pvr.dvblink)</visible>
                    </control>
                </control>
            </control>
            <!--Button Group-->
            <control type="grouplist" id="9001">
                <posx>680</posx>
                <posy>940</posy>
				<orientation>horizontal</orientation>
				<itemgap>20</itemgap>
                <defaultcontrol>1</defaultcontrol>
                         <control type="button" id="1">
                    <width>350</width>
                    <align>center</align>
					<description>OK</description>
                    <label>186</label>
                    <onup>14</onup>
                    <ondown>10</ondown>
					<font>Reg26</font>
                </control>
                <control type="button" id="2">
                    <width>350</width>
                    <description>Close</description>
                    <label>$LOCALIZE[222]</label>
                    <align>center</align>
                    <onup>14</onup>
                    <ondown>10</ondown>
					<font>Reg26</font>
                </control>
            </control>
        </control>
    </controls>
</window>
		
        