<?xml version="1.0" encoding="utf-8"?>
<!--Titan-->
<includes>
	
	<include name="SlimListLayout">

		<!--Title-->
		<control type="label">
			<posx>10</posx>
			<align>left</align>
			<width>65%</width>
			<label>[B]$INFO[ListItem.Label][/B]</label>
			<textcolor>$INFO[Skin.String(ViewDetailsListItemTextColor)]</textcolor>
            <visible>![Window.IsActive(tvchannels) | Window.IsActive(tvguide) | Window.IsActive(tvtimers) | Window.IsActive(tvsearch) | Window.IsActive(tvrecordings)]</visible>
			<font>Light30</font>
		</control>
         <!--Details PVR-->
		<control type="label">
			<posx>10</posx>
			<align>left</align>
			<width>90%</width>
			<label>[B]$INFO[ListItem.Label][/B]$VAR[ListDetails, • ]</label>
			<textcolor>$INFO[Skin.String(ViewDetailsListItemTextColor)]</textcolor>
			<font>Light30</font>
            <visible>[Window.IsActive(tvchannels) | Window.IsActive(tvguide) | Window.IsActive(tvtimers) | Window.IsActive(tvsearch) | Window.IsActive(tvrecordings)]</visible>
		</control>
		
		<!--quality-->
		<control type="label">
			<right>5</right>
			<width>80</width>
			<align>right</align>
			<label>[B]$VAR[HDIndicator][/B]</label>
			<textcolor>$INFO[Skin.String(ViewDetailsListItemTextColor)]</textcolor>
			<font>Light28</font>
            <visible>![Window.IsActive(tvchannels) | Window.IsActive(tvguide) | Window.IsActive(tvtimers) | Window.IsActive(tvsearch) | Window.IsActive(tvrecordings)]</visible>
			<visible>![[Skin.HasSetting(WatchedIndicator.Watched) + StringCompare(ListItem.Overlay,OverlayWatched.png)] | [Skin.HasSetting(WatchedIndicator.Sets) + SubString(ListItem.Path,videodb://movies/sets/)] | [Skin.HasSetting(WatchedIndicator.Progress) + ListItem.IsResumable] | [Skin.HasSetting(WatchedIndicator.Episodes) + IntegerGreaterThan(ListItem.Property(UnWatchedEpisodes),0)]]</visible>
		</control>
		
		<!--Rating-->
		<control type="label">
			<right>80</right>
			<width>80</width>
			<align>center</align>
			<label>$INFO[ListItem.Rating]</label>
			<textcolor>$INFO[Skin.String(ViewDetailsListItemTextColor)]</textcolor>
			<font>Light28</font>
            <visible>![Window.IsActive(tvchannels) | Window.IsActive(tvguide) | Window.IsActive(tvtimers) | Window.IsActive(tvsearch) | Window.IsActive(tvrecordings)]</visible>
			<visible>!Control.IsVisible(51) + !Control.IsVisible(515)</visible>
		</control>
		
		
		<!--runtime-->
		<control type="label">
			<right>160</right>
			<width>140</width>
			<align>center</align>
			<label>$INFO[ListItem.Duration,, min.]</label>
			<textcolor>$INFO[Skin.String(ViewDetailsListItemTextColor)]</textcolor>
			<visible>![Skin.HasSetting(BigListViewShowInfo) + Control.IsVisible(51)] + !Control.IsVisible(515)</visible>
            <visible>![Window.IsActive(tvchannels) | Window.IsActive(tvguide) | Window.IsActive(tvtimers) | Window.IsActive(tvsearch) | Window.IsActive(tvrecordings)]</visible>
			<font>Light28</font>
		</control>
		
		<!--Year-->
		<control type="label">
			<right>320</right>
			<width>110</width>
			<align>center</align>
			<label>$INFO[ListItem.Year]</label>
			<textcolor>$INFO[Skin.String(ViewDetailsListItemTextColor)]</textcolor>
			<visible>![Skin.HasSetting(BigListViewShowInfo) + Control.IsVisible(51)] + !Control.IsVisible(515)</visible>
            <visible>![Window.IsActive(tvchannels) | Window.IsActive(tvguide) | Window.IsActive(tvtimers) | Window.IsActive(tvsearch) | Window.IsActive(tvrecordings)]</visible>
			<font>Light28</font>
		</control>
		
		<include>WatchedIndicatorSmall</include>
		
		<control type="image">
			<bottom>0</bottom>
			<posy>0</posy>
			<height>1</height>
			<texture>diffuse/panel.png</texture>
			<colordiffuse>grey</colordiffuse>
		</control>
	</include>

    <include name="SlimListLayoutFocus">
		<control type="image">
			<posx>0</posx>
			<posy>0</posy>
			<texture border="5">diffuse/panel.png</texture>
			<colordiffuse>$VAR[ViewDetailsFocusColor]</colordiffuse>
			
		</control>
		<!--Title-->
		<control type="label">
			<posx>10</posx>
			<align>left</align>
			<width>65%</width>
			<label>[B]$INFO[ListItem.Label][/B]</label>
			<textcolor>$INFO[Skin.String(ViewDetailsListItemTextFocusColor)]</textcolor>
			<font>Light30</font>
			<scroll>true</scroll>
            <visible>![Window.IsActive(tvchannels) | Window.IsActive(tvguide) | Window.IsActive(tvtimers) | Window.IsActive(tvsearch) | Window.IsActive(tvrecordings)]</visible>
		</control>
         <!--Details PVR-->
		<control type="label">
			<posx>10</posx>
			<align>left</align>
			<width>90%</width>
			<label>[B]$INFO[ListItem.Label][/B]$VAR[ListDetails, • ]</label>
			<textcolor>$INFO[Skin.String(ViewDetailsListItemTextFocusColor)]</textcolor>
			<font>Light30</font>
            <visible>[Window.IsActive(tvchannels) | Window.IsActive(tvguide) | Window.IsActive(tvtimers) | Window.IsActive(tvsearch) | Window.IsActive(tvrecordings)]</visible>
		</control>
		
		<!--quality-->
		<control type="label">
			<right>5</right>
			<width>80</width>
			<align>right</align>
			<label>[B]$VAR[HDIndicator][/B]</label>
			<textcolor>$INFO[Skin.String(ViewDetailsListItemTextFocusColor)]</textcolor>
			<font>Light28</font>
            <visible>![Window.IsActive(tvchannels) | Window.IsActive(tvguide) | Window.IsActive(tvtimers) | Window.IsActive(tvsearch) | Window.IsActive(tvrecordings)]</visible>
			<visible>![[Skin.HasSetting(WatchedIndicator.Watched) + StringCompare(ListItem.Overlay,OverlayWatched.png)] | [Skin.HasSetting(WatchedIndicator.Sets) + SubString(ListItem.Path,videodb://movies/sets/)] | [Skin.HasSetting(WatchedIndicator.Progress) + ListItem.IsResumable] | [Skin.HasSetting(WatchedIndicator.Episodes) + IntegerGreaterThan(ListItem.Property(UnWatchedEpisodes),0)]]</visible>
		</control>
		
		<!--Rating-->
		<control type="label">
			<right>80</right>
			<width>80</width>
			<align>center</align>
			<label>$INFO[ListItem.Rating]</label>
			<textcolor>$INFO[Skin.String(ViewDetailsListItemTextFocusColor)]</textcolor>
			<font>Light28</font>
            <visible>![Window.IsActive(tvchannels) | Window.IsActive(tvguide) | Window.IsActive(tvtimers) | Window.IsActive(tvsearch) | Window.IsActive(tvrecordings)]</visible>
			<visible>!Control.IsVisible(51) + !Control.IsVisible(515)</visible>
		</control>
		
		
		<!--runtime-->
		<control type="label">
			<right>160</right>
			<width>140</width>
			<align>center</align>
			<label>$INFO[ListItem.Duration,, min.]</label>
			<textcolor>$INFO[Skin.String(ViewDetailsListItemTextFocusColor)]</textcolor>
			<visible>![Skin.HasSetting(BigListViewShowInfo) + Control.IsVisible(51)] + !Control.IsVisible(515)</visible>
            <visible>![Window.IsActive(tvchannels) | Window.IsActive(tvguide) | Window.IsActive(tvtimers) | Window.IsActive(tvsearch) | Window.IsActive(tvrecordings)]</visible>
			<font>Light28</font>
		</control>
		
		<!--Year-->
		<control type="label">
			<right>320</right>
			<width>110</width>
			<align>center</align>
			<label>$INFO[ListItem.Year]</label>
			<textcolor>$INFO[Skin.String(ViewDetailsListItemTextFocusColor)]</textcolor>
			<visible>![Skin.HasSetting(BigListViewShowInfo) + Control.IsVisible(51)] + !Control.IsVisible(515)</visible>
            <visible>![Window.IsActive(tvchannels) | Window.IsActive(tvguide) | Window.IsActive(tvtimers) | Window.IsActive(tvsearch) | Window.IsActive(tvrecordings)]</visible>
			<font>Light28</font>
		</control>
		
		<include>WatchedIndicatorSmall</include>
		
		<control type="image">
			<bottom>0</bottom>
			<posy>0</posy>
			<height>1</height>
			<texture>diffuse/panel.png</texture>
			<colordiffuse>grey</colordiffuse>
			
		</control>
	</include>
	
    <include name="View_516_SlimList">
	
		<control type="group">
			<include>animation_view_change</include>
			<defaultcontrol always="true">516</defaultcontrol>
			<visible>Control.IsVisible(516)</visible>
            <visible>!Window.IsActive(movieinformation)</visible>
			<!-- Background Panel-->
			<control type="image">
				<right>52</right>
                <bottom>13%</bottom>
				<width>1180</width>
                <height>736</height>
				<texture border="15">diffuse/bgpanel.png</texture>
				<colordiffuse>$VAR[ViewDetailsPanelColor]</colordiffuse>
				<visible>!Skin.HasSetting(View516_HidePanel) + Skin.HasSetting(SlimListViewShowInfo)</visible>
                <visible>IntegerGreaterThan(Container.NumItems,0)</visible>
                <animation effect="slide" end="-637" time="0" condition="Skin.HasSetting(View516_ShowInfoRight) + Skin.HasSetting(SlimListViewShowInfo)">Conditional</animation>
			</control>
            <control type="image">
				<left>560</left>
                <bottom>13%</bottom>
				<width>1302</width>
                <height>736</height>
				<texture border="15">diffuse/bgpanel.png</texture>
				<colordiffuse>$VAR[ViewDetailsPanelColor]</colordiffuse>
				<visible>!Skin.HasSetting(View516_HidePanel) + !Skin.HasSetting(SlimListViewShowInfo)</visible>
                <visible>IntegerGreaterThan(Container.NumItems,0)</visible>
                <animation effect="slide" end="-627" time="0" condition="Skin.HasSetting(View516_ShowInfoRight) + Skin.HasSetting(SlimListViewShowInfo)">Conditional</animation>
			</control>
		
			<control type="panel" id="516">
                <animation effect="slide" end="-627" time="0" condition="Skin.HasSetting(View516_ShowInfoRight) + Skin.HasSetting(SlimListViewShowInfo)">Conditional</animation>
				<bottom>13%</bottom>
                <height>726</height>	
				<left>570</left>
				<width>1290</width>
				<onup>516</onup>
				<ondown>516</ondown>
				<onleft>9000</onleft>
				<onright>60</onright>
				<viewtype label="31450">list</viewtype>
				<orientation>vertical</orientation>
				<pagecontrol>60</pagecontrol>
				<scrolltime tween="cubic" easing="out">600</scrolltime>
				<preloaditems>2</preloaditems>
				<visible>StringCompare(Window(Home).Property(SkinHelper.ForcedView),516) | IsEmpty(Window(Home).Property(SkinHelper.ForcedView))</visible>
				<itemlayout width="1280" height="60" condition="Skin.HasSetting(SlimListViewShowInfo)">
                    <control type="group">
                        <right>0</right>
                        <width>1160</width>
                        <include>SlimListLayout</include>
                    </control>
				</itemlayout>
				<focusedlayout width="1280" height="60" condition="Skin.HasSetting(SlimListViewShowInfo)">
					<control type="group">
                        <right>0</right>
                        <width>1160</width>
                        <include>SlimListLayoutFocus</include>
                    </control>
				</focusedlayout>
                         <itemlayout width="1280" height="60" condition="!Skin.HasSetting(SlimListViewShowInfo)">		
					<include>SlimListLayout</include>
				</itemlayout>
				<focusedlayout width="1280" height="60" condition="!Skin.HasSetting(SlimListViewShowInfo)">
					<include>SlimListLayoutFocus</include>
				</focusedlayout>

			</control>
			
		
			<!--large poster-->
			<control type="group">
				<visible>!Skin.HasSetting(SlimListViewShowInfo)</visible>
                <visible>IntegerGreaterThan(Container.NumItems,0)</visible>
                <left>50</left>
                <bottom>13%</bottom>
                <height>736</height>
                <width>500</width>
                <control type="image">
                    <include>PosterThumbBG</include>
                  </control>
				<control type="image">
					<aspectratio align="center" aligny="center" scalediffuse="true">stretch</aspectratio>
					<texture background="true" diffuse="diffuse/poster.png" fallback="DefaultVideo.png">$VAR[PosterThumb]</texture>
					<bordersize>8</bordersize>
                    <visible>!IsEmpty(ListItem.Art(poster)) | !IsEmpty(ListItem.Art(tvshow.poster))</visible>
				</control>
                <control type="image">
					<aspectratio align="center" aligny="bottom" scalediffuse="true">keep</aspectratio>
					<texture background="true" diffuse="diffuse/poster.png" fallback="DefaultVideo.png">$VAR[PosterThumb]</texture>
					<bordersize>8</bordersize>
                    <visible>IsEmpty(ListItem.Art(poster)) + IsEmpty(ListItem.Art(tvshow.poster))</visible>
				</control>
			</control>

			
			<!--vertical Scollbar-->
			<control type="scrollbar" id="60">
				<visible>Control.IsVisible(516)</visible>
				<right>15</right>
				<bottom>13%</bottom>
				<height>736</height>
				<onup>60</onup>
				<ondown>60</ondown>
				<onleft>516</onleft>
				<animation effect="fade" start="0" end="100" time="400" condition="Control.HasFocus(60) | Skin.HasSetting(EnableTouchSupport) | Container.Scrolling | Skin.HasSetting(alwaysShowScrollbars)">Conditional</animation>
				<animation effect="fade" start="100" end="0" time="400" condition="![Control.HasFocus(60) | Skin.HasSetting(EnableTouchSupport) | Container.Scrolling | Skin.HasSetting(alwaysShowScrollbars)]">Conditional</animation>
			</control>
                 <include>MovieDetailsLeft</include>

		</control>
		
 	</include>

</includes>